source_row,composition,reference_id,reference_text,composition_match_ambiguous_within_reference,TC,H,dS,dS_ref,RC,dX,VEC,sigma,dHmix,dSmix,nunfilled_mean,mag_moment_mean,avg_d_valence_electrons,bandgap_mean,melting_point_mean,electronegativity_range,TC_original,chemistry_family,audit_status,audit_note,y_pred_TC,fold,family_mean_prediction_K
10,Gd20Ho20Er20Al20 Fe 20,[3],"W. Sheng, J.Q. Wang, G. Wang, J. Huo, X. Wang, R.W. Li, Amorphous microwires of high entropy alloys with large magnetocaloric effect, Intermetallics (Barking). 96 (2018) 79–83. https://doi.org/10.1016/j.intermet.2018.02.015.",False,55.0,5.0,5.1,5.1,446.0,0.2534087607009671,4.0,13.96548149598668,-21.44,13.38167152293333,5.2996182996183,0.5151267674319675,1.551029551029551,0.0,1339.591697861698,0.6300000000000001,55.0,RE-rich,include_strict_experimental_TC,Source-compatible experimental Curie temperature,91.79179176868286,7,58.09090909090909
11,Gd20Ho20Er20Al20 Co 20,[3],"W. Sheng, J.Q. Wang, G. Wang, J. Huo, X. Wang, R.W. Li, Amorphous microwires of high entropy alloys with large magnetocaloric effect, Intermetallics (Barking). 96 (2018) 79–83. https://doi.org/10.1016/j.intermet.2018.02.015.",False,39.0,5.0,10.2,10.2,625.0,0.2697702726395182,4.2,13.74851532583833,-32.32,13.38167152293333,5.082190082190082,0.362754516893717,1.727660727660728,0.0,1323.411236361236,0.6799999999999999,39.0,RE-rich,include_strict_experimental_TC,Source-compatible experimental Curie temperature,49.178834141553125,7,58.09090909090909
12,Gd20Ho20Er20Al20 Ni 20,[3],"W. Sheng, J.Q. Wang, G. Wang, J. Huo, X. Wang, R.W. Li, Amorphous microwires of high entropy alloys with large magnetocaloric effect, Intermetallics (Barking). 96 (2018) 79–83. https://doi.org/10.1016/j.intermet.2018.02.015.",False,25.0,5.0,9.5,9.5,511.0,0.2798142240844807,4.4,13.85672651755875,-37.28000000000001,13.38167152293333,4.845200845200845,0.1399167036273036,1.967698967698968,0.0,1314.436202556202,0.71,25.0,RE-rich,include_strict_experimental_TC,Source-compatible experimental Curie temperature,40.39788060297761,7,58.09090909090909
14,GdTbHoErLa,[4],"S.F. Lu, L. Ma, J. Wang, Y.S. Du, L. Li, J.T. Zhao, G.H. Rao, Effect of configuration entropy on magnetocaloric effect of rare earth high-entropy alloy, J. Alloys Compd. 874 (2021). https://doi.org/10.1016/j.jallcom.2021.159918.",False,127.0,5.0,5.92,5.92,390.72,0.0619653397452962,2.9925,2.489627217050669,0.163296,13.36283894617653,7.0,0.0,0.4,0.0,1585.0,0.1399999999999999,127.0,RE-rich,include_strict_experimental_TC,Source-compatible experimental Curie temperature,202.6226915911814,10,55.15
15,GdTbHoErLaY,[4],"S.F. Lu, L. Ma, J. Wang, Y.S. Du, L. Li, J.T. Zhao, G.H. Rao, Effect of configuration entropy on magnetocaloric effect of rare earth high-entropy alloy, J. Alloys Compd. 874 (2021). https://doi.org/10.1016/j.jallcom.2021.159918.",False,120.0,5.0,5.85,5.85,245.7,0.059222803243683,3.0003,2.259946937318165,0.11537568,14.89425976717486,7.333333333333332,0.0,0.5,0.0,1620.666666666667,0.1399999999999999,120.0,RE-rich,include_strict_experimental_TC,Source-compatible experimental Curie temperature,154.83794693136971,10,55.15
29,Gd25Co25Al25Y25,[8],"C.M. Pang, L. Chen, H. Xu, W. Guo, Z.W. Lv, J.T. Huo, M.J. Cai, B.L. Shen, X.L. Wang, C.C. Yuan, Effect of Dy, Ho, and Er substitution on the magnetocaloric properties of Gd-Co-Al-Y high entropy bulk metallic glasses, J. Alloys Compd. 827 (2020). https://doi.org/10.1016/j.jallcom.2020.154101.",False,39.0,5.0,6.02,6.02,413.0,0.2841104538731371,4.5,15.19164999928034,-35.25,11.52634446553133,6.130784000000001,0.3667755338456001,1.903821,0.0,1324.96123279,0.6799999999999999,39.0,RE-rich,include_strict_experimental_TC,Source-compatible experimental Curie temperature,66.79581454985247,3,58.57142857142857
30,Gd25Co25Al25Y15Dy10,[8],"C.M. Pang, L. Chen, H. Xu, W. Guo, Z.W. Lv, J.T. Huo, M.J. Cai, B.L. Shen, X.L. Wang, C.C. Yuan, Effect of Dy, Ho, and Er substitution on the magnetocaloric properties of Gd-Co-Al-Y high entropy bulk metallic glasses, J. Alloys Compd. 827 (2020). https://doi.org/10.1016/j.jallcom.2020.154101.",False,44.0,5.0,6.76,6.76,424.0,0.2841104538731371,4.5,15.05497129749608,-35.35,12.92528334186844,5.869954,0.3775126331464,1.894912,0.0,1307.05153641,0.6799999999999999,44.0,RE-rich,include_strict_experimental_TC,Source-compatible experimental Curie temperature,43.80298124543116,3,58.57142857142857
31,Gd25Co25Al25Y15Ho10,[8],"C.M. Pang, L. Chen, H. Xu, W. Guo, Z.W. Lv, J.T. Huo, M.J. Cai, B.L. Shen, X.L. Wang, C.C. Yuan, Effect of Dy, Ho, and Er substitution on the magnetocaloric properties of Gd-Co-Al-Y high entropy bulk metallic glasses, J. Alloys Compd. 827 (2020). https://doi.org/10.1016/j.jallcom.2020.154101.",False,41.0,5.0,7.35,7.35,488.0,0.2832185551830953,4.5,15.01901263991558,-35.25,12.92528334186844,5.836067,0.3777092889888,1.895899,0.0,1309.01566807,0.6799999999999999,41.0,RE-rich,include_strict_experimental_TC,Source-compatible experimental Curie temperature,44.760590638779135,3,58.57142857142857
32,Gd25Co25Al25Y15Er10,[8],"C.M. Pang, L. Chen, H. Xu, W. Guo, Z.W. Lv, J.T. Huo, M.J. Cai, B.L. Shen, X.L. Wang, C.C. Yuan, Effect of Dy, Ho, and Er substitution on the magnetocaloric properties of Gd-Co-Al-Y high entropy bulk metallic glasses, J. Alloys Compd. 827 (2020). https://doi.org/10.1016/j.jallcom.2020.154101.",False,43.0,5.0,6.96,6.96,477.0,0.2823557153662733,4.5,14.9760367160657,-35.45,12.92528334186844,5.803047196952803,0.3778931791684209,1.896822103177897,0.0,1309.594397205603,0.6799999999999999,43.0,RE-rich,include_strict_experimental_TC,Source-compatible experimental Curie temperature,45.03405048255216,3,58.57142857142857
33,Gd25Co25Al25Ho24Y1,[9],"C.M. Pang, C.C. Yuan, L. Chen, H. Xu, K. Guo, J.C. He, Y. Li, M.S. Wei, X.M. Wang, J.T. Huo, B.L. Shen, Effect of Yttrium addition on magnetocaloric properties of Gd-Co-Al-Ho high entropy metallic glasses, J. Non. Cryst. Solids 549 (2020). https://doi.org/10.1016/j.jnoncrysol.2020.120354.",False,51.0,5.0,8.63,8.63,555.0,0.281959199176051,4.5,14.76501942408995,-35.25,11.87543736961528,5.39264,0.3941617954888,1.88399,0.0,1285.02610842,0.6799999999999999,51.0,RE-rich,include_strict_experimental_TC,Source-compatible experimental Curie temperature,82.19714419556674,8,56.81818181818182
34,Gd25Co25Al25Ho20Y5,[9],"C.M. Pang, C.C. Yuan, L. Chen, H. Xu, K. Guo, J.C. He, Y. Li, M.S. Wei, X.M. Wang, J.T. Huo, B.L. Shen, Effect of Yttrium addition on magnetocaloric properties of Gd-Co-Al-Ho high entropy metallic glasses, J. Non. Cryst. Solids 549 (2020). https://doi.org/10.1016/j.jnoncrysol.2020.120354.",False,49.0,5.0,8.79,8.79,547.0,0.2823202968261403,4.5,14.83909758235876,-35.25,12.5664934531584,5.523234,0.389316629104,1.887498,0.0,1292.09107144,0.6799999999999999,49.0,RE-rich,include_strict_experimental_TC,Source-compatible experimental Curie temperature,65.1157535467161,8,56.81818181818182
35,Gd25Co25Al25Ho15Y10,[9],"C.M. Pang, C.C. Yuan, L. Chen, H. Xu, K. Guo, J.C. He, Y. Li, M.S. Wei, X.M. Wang, J.T. Huo, B.L. Shen, Effect of Yttrium addition on magnetocaloric properties of Gd-Co-Al-Ho high entropy metallic glasses, J. Non. Cryst. Solids 549 (2020). https://doi.org/10.1016/j.jnoncrysol.2020.120354.",False,47.0,5.0,7.61,7.61,490.0,0.2827702247408662,4.5,14.92998518517863,-35.25,12.92528334186844,5.682015999999999,0.383424696188,1.89176,0.0,1300.68116921,0.6799999999999999,47.0,RE-rich,include_strict_experimental_TC,Source-compatible experimental Curie temperature,55.63209611624096,8,56.81818181818182
37,Gd20Dy20Er20Co20Al20,[10],"L. Shao, Q. Wang, L. Xue, M. Zhu, A. Wang, J. Luan, K. Yin, Q. Luo, Q. Zeng, L. Sun, B. Shen, Effects of minor Si addition on structural heterogeneity and glass formation of GdDyErCoAl high-entropy bulk metallic glass, Journal of Materials Research and Technology 11 (2021) 378–391. https://doi.org/10.1016/j.jmrt.2021.01.035.",True,44.0,2.0,4.1,9.463344238776946,0.0,0.2712931993250107,4.200000000000001,13.8107620480647,-32.64000000000001,13.38167152293333,5.164437000000001,0.3623004520776,1.725498,0.0,1318.67974562,0.6799999999999999,44.0,RE-rich,include_strict_experimental_TC,Source-compatible experimental Curie temperature,44.86310779984896,2,55.05
39,(Gd20Dy20Er20Co20Al20)Si0.5,[10],"L. Shao, Q. Wang, L. Xue, M. Zhu, A. Wang, J. Luan, K. Yin, Q. Luo, Q. Zeng, L. Sun, B. Shen, Effects of minor Si addition on structural heterogeneity and glass formation of GdDyErCoAl high-entropy bulk metallic glass, Journal of Materials Research and Technology 11 (2021) 378–391. https://doi.org/10.1016/j.jmrt.2021.01.035.",False,44.0,2.0,4.6,10.6174106093595,0.0,0.2734054704097926,4.220000000000001,13.91083452088716,-33.59200000000001,13.60193582165415,5.15032215032215,0.3579077971909972,1.704577704577705,0.0093726343726343,1323.145631175631,0.7,44.0,RE-rich,include_strict_experimental_TC,Source-compatible experimental Curie temperature,42.9256301848404,2,55.05
41,(Gd20Dy20Er20Co20Al20)Si1,[10],"L. Shao, Q. Wang, L. Xue, M. Zhu, A. Wang, J. Luan, K. Yin, Q. Luo, Q. Zeng, L. Sun, B. Shen, Effects of minor Si addition on structural heterogeneity and glass formation of GdDyErCoAl high-entropy bulk metallic glass, Journal of Materials Research and Technology 11 (2021) 378–391. https://doi.org/10.1016/j.jmrt.2021.01.035.",False,44.0,2.0,4.1,9.463344238776946,0.0,0.2756719245770233,4.240000000000001,14.0249404892618,-34.70400000000001,13.76456839804731,5.136536,0.3536197225304,1.684155,0.01852108,1327.50497647,0.7,44.0,RE-rich,include_strict_experimental_TC,Source-compatible experimental Curie temperature,42.26178603809174,2,55.05
43,(Gd20Dy20Er20Co20Al20)Si3,[10],"L. Shao, Q. Wang, L. Xue, M. Zhu, A. Wang, J. Luan, K. Yin, Q. Luo, Q. Zeng, L. Sun, B. Shen, Effects of minor Si addition on structural heterogeneity and glass formation of GdDyErCoAl high-entropy bulk metallic glass, Journal of Materials Research and Technology 11 (2021) 378–391. https://doi.org/10.1016/j.jmrt.2021.01.035.",False,44.0,2.0,4.0,9.232530964660436,0.0,0.2862971707858811,4.320000000000001,14.61098900134759,-39.15200000000001,14.25632979205134,5.941748058251942,0.3006740945859054,1.553398446601553,0.0225143754856245,1552.528121721878,0.7,44.0,RE-rich,include_strict_experimental_TC,Source-compatible experimental Curie temperature,49.80796158633265,2,55.05
45,(Gd36Tb20Co20Al24)97Fe3(micro_100),[11],"H. Yin, J.Y. Law, Y. Huang, H. Shen, S. Jiang, S. Guo, V. Franco, J. Sun, Enhancing the magnetocaloric response of high-entropy metallic-glass by microstructural control, Sci. China Mater. 65 (2022) 1134–1142. https://doi.org/10.1007/s40843-021-1825-1.",False,98.0,0.5,0.74,6.054591508357336,0.0,0.3020218379124264,4.314000000000001,14.68734163128679,-33.02606336,12.04103712794456,6.08855,0.391934341194,1.791789,0.0,1280.46055753,0.6799999999999999,98.0,RE-rich,include_strict_experimental_TC,Source-compatible experimental Curie temperature,43.66025603118523,9,49.90909090909091
46,(Gd36Tb20Co20Al24)97Fe3(micro_70),[11],"H. Yin, J.Y. Law, Y. Huang, H. Shen, S. Jiang, S. Guo, V. Franco, J. Sun, Enhancing the magnetocaloric response of high-entropy metallic-glass by microstructural control, Sci. China Mater. 65 (2022) 1134–1142. https://doi.org/10.1007/s40843-021-1825-1.",False,102.0,0.5,1.03,8.427336829200076,0.0,0.3020218379124264,4.314000000000001,14.68734163128679,-33.02606336,12.04103712794456,6.08855,0.391934341194,1.791789,0.0,1280.46055753,0.6799999999999999,102.0,RE-rich,include_strict_experimental_TC,Source-compatible experimental Curie temperature,43.66025603118523,9,49.90909090909091
53,(Gd36Tb20Co20Al24)97Fe3(micro_100),[11],"H. Yin, J.Y. Law, Y. Huang, H. Shen, S. Jiang, S. Guo, V. Franco, J. Sun, Enhancing the magnetocaloric response of high-entropy metallic-glass by microstructural control, Sci. China Mater. 65 (2022) 1134–1142. https://doi.org/10.1007/s40843-021-1825-1.",False,99.0,5.0,5.94,5.94,573.0,0.3020218379124264,4.314000000000001,14.68734163128679,-33.02606336,12.04103712794456,6.08855,0.391934341194,1.791789,0.0,1280.46055753,0.6799999999999999,99.0,RE-rich,include_strict_experimental_TC,Source-compatible experimental Curie temperature,43.66025603118523,9,49.90909090909091
57,V0.85FeCoNiCu1.15,[12],"B.G.F. Eggert, E.K. Delczeg-Czirjak, F. Maccari, S. Kumar, O. Gutfleisch, H. Fjellvåg, B.C. Hauback, C. Frommen, Exploring V-Fe-Co-Ni-Al and V-Fe-Co-Ni-Cu high entropy alloys for magnetocaloric applications, J. Alloys Compd. 921 (2022). https://doi.org/10.1016/j.jallcom.2022.166040.",False,329.0,1.0,0.15,0.6518508162661288,0.0,0.0956943551104243,8.82,2.275182643506502,0.1259999999999992,13.22384377033875,3.220000000000001,0.8509057400000002,7.01,0.0,1744.7971,0.28,329.0,3d-TM,include_strict_experimental_TC,Source-compatible experimental Curie temperature,274.2798616527339,2,330.1064516129032
60,(MnNiSi)1-x(FeCoGe)x x=0.4,[13],"Z.G. Zheng, X.L. Chen, H.Y. Wang, S. Da, G. Wang, Z.G. Qiu, D.C. Zeng, Q.B. Xia, Giant magnetocaloric effects of MnNiSi-based high-entropy alloys near room temperature, J. Alloys Compd. 966 (2023). https://doi.org/10.1016/j.jallcom.2023.171483.",True,271.0,5.0,44.9,44.9,0.0,0.1557981914065239,7.233099999999999,4.388676486218205,-27.86637736,14.65371741377966,3.666666666666667,0.7091398034482758,6.0,0.1926666666666667,1620.733333333333,0.4599999999999997,271.0,TM-metalloid,include_strict_experimental_TC,Source-compatible experimental Curie temperature,280.65319713596773,1,351.14285714285717
61,(MnNiSi)1-x(FeCoGe)x x=0.42,[13],"Z.G. Zheng, X.L. Chen, H.Y. Wang, S. Da, G. Wang, Z.G. Qiu, D.C. Zeng, Q.B. Xia, Giant magnetocaloric effects of MnNiSi-based high-entropy alloys near room temperature, J. Alloys Compd. 966 (2023). https://doi.org/10.1016/j.jallcom.2023.171483.",False,224.0,5.0,29.2,29.2,0.0,0.1542480377931592,7.214799999999999,4.309451003905262,-27.58254928,14.67500138889152,3.666666666666667,0.7091398034482758,6.0,0.1926666666666667,1620.733333333333,0.4599999999999997,224.0,TM-metalloid,include_strict_experimental_TC,Source-compatible experimental Curie temperature,280.3833534411831,1,351.14285714285717
62,(MnNiSi)1-x(FeCoGe)x x=0.45,[13],"Z.G. Zheng, X.L. Chen, H.Y. Wang, S. Da, G. Wang, Z.G. Qiu, D.C. Zeng, Q.B. Xia, Giant magnetocaloric effects of MnNiSi-based high-entropy alloys near room temperature, J. Alloys Compd. 966 (2023). https://doi.org/10.1016/j.jallcom.2023.171483.",False,232.0,5.0,1.9,1.9,0.0,0.1518239143086489,7.1886,4.188898706518099,-27.15767528,14.68109252014148,3.666666666666667,0.7091398034482758,6.0,0.1926666666666667,1620.733333333333,0.4599999999999997,232.0,TM-metalloid,include_strict_experimental_TC,Source-compatible experimental Curie temperature,280.7606513703412,1,351.14285714285717
63,(MnNiSi)1-x(FeCoGe)x x=0.47,[13],"Z.G. Zheng, X.L. Chen, H.Y. Wang, S. Da, G. Wang, Z.G. Qiu, D.C. Zeng, Q.B. Xia, Giant magnetocaloric effects of MnNiSi-based high-entropy alloys near room temperature, J. Alloys Compd. 966 (2023). https://doi.org/10.1016/j.jallcom.2023.171483.",False,235.0,5.0,2.4,2.4,0.0,0.1501257899244189,7.1693,4.106317451531512,-27.19792664,14.6645226198447,3.666666666666667,0.7091398034482758,6.0,0.1926666666666667,1620.733333333333,0.4599999999999997,235.0,TM-metalloid,include_strict_experimental_TC,Source-compatible experimental Curie temperature,281.6491731825138,1,351.14285714285717
64,(MnNi)0.6Si1-y(FeCo)0.4Gey  y=0.36,[13],"Z.G. Zheng, X.L. Chen, H.Y. Wang, S. Da, G. Wang, Z.G. Qiu, D.C. Zeng, Q.B. Xia, Giant magnetocaloric effects of MnNiSi-based high-entropy alloys near room temperature, J. Alloys Compd. 966 (2023). https://doi.org/10.1016/j.jallcom.2023.171483.",False,327.6,5.0,55.3,55.3,0.0,0.1550058877726987,7.271,4.465178585544848,-28.02061144,14.6831325836588,3.75,0.4552691231034483,5.750000000000001,0.289,1569.55,0.4599999999999997,327.6,TM-metalloid,include_strict_experimental_TC,Source-compatible experimental Curie temperature,280.7674256157176,1,351.14285714285717
65,(MnNi)0.6Si1-y(FeCo)0.4Gey  y=0.38,[13],"Z.G. Zheng, X.L. Chen, H.Y. Wang, S. Da, G. Wang, Z.G. Qiu, D.C. Zeng, Q.B. Xia, Giant magnetocaloric effects of MnNiSi-based high-entropy alloys near room temperature, J. Alloys Compd. 966 (2023). https://doi.org/10.1016/j.jallcom.2023.171483.",False,308.8,5.0,48.5,48.5,0.0,0.1554121224486686,7.252,4.426716927400428,-27.94306186,14.67074462456147,3.75,0.4552691231034483,5.750000000000001,0.289,1569.55,0.4599999999999997,308.8,TM-metalloid,include_strict_experimental_TC,Source-compatible experimental Curie temperature,280.6408495879067,1,351.14285714285717
66,(MnNi)0.6Si1-y(FeCo)0.4Gey  y=0.4,[13],"Z.G. Zheng, X.L. Chen, H.Y. Wang, S. Da, G. Wang, Z.G. Qiu, D.C. Zeng, Q.B. Xia, Giant magnetocaloric effects of MnNiSi-based high-entropy alloys near room temperature, J. Alloys Compd. 966 (2023). https://doi.org/10.1016/j.jallcom.2023.171483.",False,271.3,5.0,44.9,44.9,0.0,0.1557981914065239,7.233099999999999,4.388676486218205,-27.86637736,14.65371741377966,3.75,0.4552691231034483,5.750000000000001,0.289,1569.55,0.4599999999999997,271.3,TM-metalloid,include_strict_experimental_TC,Source-compatible experimental Curie temperature,280.65319713596773,1,351.14285714285717
67,(MnNi)0.6Si1-y(FeCo)0.4Gey  y=0.42,[13],"Z.G. Zheng, X.L. Chen, H.Y. Wang, S. Da, G. Wang, Z.G. Qiu, D.C. Zeng, Q.B. Xia, Giant magnetocaloric effects of MnNiSi-based high-entropy alloys near room temperature, J. Alloys Compd. 966 (2023). https://doi.org/10.1016/j.jallcom.2023.171483.",False,295.5,5.0,41.5,41.5,0.0,0.1561627132935893,7.214700000000001,4.350251394802165,-27.78133776,14.63237618545668,3.75,0.4552691231034483,5.750000000000001,0.289,1569.55,0.4599999999999997,295.5,TM-metalloid,include_strict_experimental_TC,Source-compatible experimental Curie temperature,280.81108943968525,1,351.14285714285717
80,CoCuFeMnNi,[15],"A. Perrin, M. Sorescu, M.T. Burton, D.E. Laughlin, M. McHenry, The Role of Compositional Tuning of the Distributed Exchange on Magnetocaloric Properties of High-Entropy Alloys, JOM 69 (2017) 2125–2129. https://doi.org/10.1007/s11837-017-2523-3.",False,395.0,1.5,0.115,0.3451511608574964,16.5,0.1322328336071646,9.0696,3.104609091561312,2.1435828,13.37120502242268,3.0,0.8509677641379312,7.200000000000001,0.0,1636.754,0.3599999999999999,395.0,3d-TM,include_strict_experimental_TC,Source-compatible experimental Curie temperature,378.9717942047466,8,336.61199999999997
81,CoCu0.975FeMn1.025Ni,[15],"A. Perrin, M. Sorescu, M.T. Burton, D.E. Laughlin, M. McHenry, The Role of Compositional Tuning of the Distributed Exchange on Magnetocaloric Properties of High-Entropy Alloys, JOM 69 (2017) 2125–2129. https://doi.org/10.1007/s11837-017-2523-3.",False,321.0,1.5,0.094,0.2821235575704753,15.3,0.1334026364956854,9.0486,3.132578261666334,1.99827936,13.37583627128567,3.02,0.8509693147413795,7.175000000000001,0.0,1637.56015,0.3599999999999999,321.0,3d-TM,include_strict_experimental_TC,Source-compatible experimental Curie temperature,378.0951667320144,8,336.61199999999997
82,CoCu0.95FeMn1.05Ni,[15],"A. Perrin, M. Sorescu, M.T. Burton, D.E. Laughlin, M. McHenry, The Role of Compositional Tuning of the Distributed Exchange on Magnetocaloric Properties of High-Entropy Alloys, JOM 69 (2017) 2125–2129. https://doi.org/10.1007/s11837-017-2523-3.",False,297.0,1.5,0.1,0.3001314442239099,13.5,0.1345656165787991,9.029,3.160106011806786,1.85256376,13.3794276540517,3.04,0.8509708653448276,7.15,0.0,1638.3663,0.3599999999999999,297.0,3d-TM,include_strict_experimental_TC,Source-compatible experimental Curie temperature,377.2871727090221,8,336.61199999999997
83,CoCu0.925FeMn1.075Ni,[15],"A. Perrin, M. Sorescu, M.T. Burton, D.E. Laughlin, M. McHenry, The Role of Compositional Tuning of the Distributed Exchange on Magnetocaloric Properties of High-Entropy Alloys, JOM 69 (2017) 2125–2129. https://doi.org/10.1007/s11837-017-2523-3.",False,279.0,1.5,0.084,0.2521104131480843,12.2,0.1356725984677819,9.008,3.18711129653619,1.7052056,13.37984513428206,3.06,0.8509724159482759,7.125,0.0,1639.17245,0.3599999999999999,279.0,3d-TM,include_strict_experimental_TC,Source-compatible experimental Curie temperature,376.5341262211179,8,336.61199999999997
84,CoCu0.9FeMn1.1Ni,[15],"A. Perrin, M. Sorescu, M.T. Burton, D.E. Laughlin, M. McHenry, The Role of Compositional Tuning of the Distributed Exchange on Magnetocaloric Properties of High-Entropy Alloys, JOM 69 (2017) 2125–2129. https://doi.org/10.1007/s11837-017-2523-3.",False,264.0,1.5,0.081,0.243106469821367,9.6,0.1367729710140128,8.9876,3.213864742133598,1.55658504,13.37863008637263,3.08,0.8509739665517242,7.1,0.0,1639.9786,0.3599999999999999,264.0,3d-TM,include_strict_experimental_TC,Source-compatible experimental Curie temperature,375.842764723242,8,336.61199999999997
85,CoCuFe0.975Mn1.025Ni,[15],"A. Perrin, M. Sorescu, M.T. Burton, D.E. Laughlin, M. McHenry, The Role of Compositional Tuning of the Distributed Exchange on Magnetocaloric Properties of High-Entropy Alloys, JOM 69 (2017) 2125–2129. https://doi.org/10.1007/s11837-017-2523-3.",False,299.0,1.5,0.105,0.3151380164351053,14.0,0.1335043848806655,9.0651,3.126313469066754,2.06758364,13.3708132532567,3.005,0.8404160007413795,7.195,0.0,1635.294,0.3599999999999999,299.0,3d-TM,include_strict_experimental_TC,Source-compatible experimental Curie temperature,378.6303231041567,8,336.61199999999997
86,CoCuFe0.95Mn1.05Ni,[15],"A. Perrin, M. Sorescu, M.T. Burton, D.E. Laughlin, M. McHenry, The Role of Compositional Tuning of the Distributed Exchange on Magnetocaloric Properties of High-Entropy Alloys, JOM 69 (2017) 2125–2129. https://doi.org/10.1007/s11837-017-2523-3.",False,292.0,1.5,0.071,0.213093325398976,10.0,0.134747850313094,9.0596,3.14753556178589,1.99199144,13.36793961159452,3.01,0.8298642373448275,7.190000000000001,0.0,1633.834,0.3599999999999999,292.0,3d-TM,include_strict_experimental_TC,Source-compatible experimental Curie temperature,378.331197387678,8,336.61199999999997
90,Fe30Co30Ni30Cr10,[17],"C.L. Lin, J.L. Lee, S.M. Kuo, M.Y. Li, L. Gan, H. Murakami, S. Mitani, S. Gorsse, A.C. Yeh, Investigation on the thermal expansion behavior of FeCoNi and Fe30Co30Ni30Cr10-xMnx high entropy alloys, Mater. Chem. Phys. 271 (2021). https://doi.org/10.1016/j.matchemphys.2021.124907.",False,651.0,0.3,2.4,31.302548304718048,0.0,0.0712460525222274,8.7,0.3190386801263031,-2.52,10.9238730689811,3.344651,1.272457685422,6.765266,0.0,1814.802876,0.25,651.0,3d-TM,include_strict_experimental_TC,Source-compatible experimental Curie temperature,394.66603379219146,9,290.5107142857143
91,Fe30Co30Ni30Mn10,[17],"C.L. Lin, J.L. Lee, S.M. Kuo, M.Y. Li, L. Gan, H. Murakami, S. Mitani, S. Gorsse, A.C. Yeh, Investigation on the thermal expansion behavior of FeCoNi and Fe30Co30Ni30Cr10-xMnx high entropy alloys, Mater. Chem. Phys. 271 (2021). https://doi.org/10.1016/j.matchemphys.2021.124907.",False,741.0,0.3,1.86,24.25947493615649,0.0,0.1019264440662971,8.799999999999999,2.502345243896372,-2.64,10.9238730689811,3.224281775718225,1.280024092276718,6.775718224281776,0.0,1743.468967531033,0.3599999999999999,736.0,3d-TM,include_strict_experimental_TC,Experimental Curie temperature; source transcription corrected 736 to 741 K,393.8327370733583,9,290.5107142857143
92,Fe30Co30Ni30Cr5Mn5,[17],"C.L. Lin, J.L. Lee, S.M. Kuo, M.Y. Li, L. Gan, H. Murakami, S. Mitani, S. Gorsse, A.C. Yeh, Investigation on the thermal expansion behavior of FeCoNi and Fe30Co30Ni30Cr10-xMnx high entropy alloys, Mater. Chem. Phys. 271 (2021). https://doi.org/10.1016/j.matchemphys.2021.124907.",False,696.0,0.3,2.24,29.215711751070184,0.0,0.088106469682992,8.75,1.835629013881137,-2.56,11.50019029225766,3.284644999999999,1.276229491597259,6.770476,0.0,1779.241321,0.3599999999999999,651.0,3d-TM,include_strict_experimental_TC,Experimental Curie temperature; source transcription corrected 651 to 696 K,381.8051515070624,9,290.5107142857143
93,CoFeNiCr1.0Cu0.0,[18],"J. Harris, Z. Leong, P. Gong, J. Cornide, C. Pughe, T. Hansen, A. Quintana-Nedelcos, R. Rowan-Robinson, U. Dahlborg, M. Calvo-Dahlborg, R. Goodall, M. Rainforth, N. Morley, Investigation into the magnetic properties of CoFeNiCr yCu xalloys, J. Phys. D Appl. Phys. 54 (2021). https://doi.org/10.1088/1361-6463/ac1139.",True,113.0,2.0,0.34,0.7847651319961371,51.0,0.0946339533994009,8.3208,0.3025107344440896,-3.64845056,11.51595984585561,3.75,1.063632175,6.5,0.0,1871.75,0.25,113.0,3d-TM,include_strict_experimental_TC,Source-compatible experimental Curie temperature,334.7959433689476,4,358.34444444444443
94,CoFeNiCr1.0Cu0.5,[18],"J. Harris, Z. Leong, P. Gong, J. Cornide, C. Pughe, T. Hansen, A. Quintana-Nedelcos, R. Rowan-Robinson, U. Dahlborg, M. Calvo-Dahlborg, R. Goodall, M. Rainforth, N. Morley, Investigation into the magnetic properties of CoFeNiCr yCu xalloys, J. Phys. D Appl. Phys. 54 (2021). https://doi.org/10.1088/1361-6463/ac1139.",False,120.0,2.0,0.36,0.8309277868194391,62.0,0.0919949889885313,8.6518,0.8689946326050682,0.91929284,13.20201534743588,3.444444444444444,0.9454508222222224,6.888888888888888,0.0,1814.641111111111,0.25,120.0,3d-TM,include_strict_experimental_TC,Source-compatible experimental Curie temperature,303.68093183356086,4,358.34444444444443
95,CoFeNiCr1.0Cu1.0,[18],"J. Harris, Z. Leong, P. Gong, J. Cornide, C. Pughe, T. Hansen, A. Quintana-Nedelcos, R. Rowan-Robinson, U. Dahlborg, M. Calvo-Dahlborg, R. Goodall, M. Rainforth, N. Morley, Investigation into the magnetic properties of CoFeNiCr yCu xalloys, J. Phys. D Appl. Phys. 54 (2021). https://doi.org/10.1088/1361-6463/ac1139.",False,110.0,2.0,0.34,0.7847651319961371,54.0,0.0892164782481352,8.91,1.065758031375137,3.678300440000001,13.36352082642594,3.200000000000001,0.8509057400000002,7.200000000000001,0.0,1768.954,0.25,110.0,3d-TM,include_strict_experimental_TC,Source-compatible experimental Curie temperature,288.3329827445674,4,358.34444444444443
96,CoFeNiCr0.8Cu1.0,[18],"J. Harris, Z. Leong, P. Gong, J. Cornide, C. Pughe, T. Hansen, A. Quintana-Nedelcos, R. Rowan-Robinson, U. Dahlborg, M. Calvo-Dahlborg, R. Goodall, M. Rainforth, N. Morley, Investigation into the magnetic properties of CoFeNiCr yCu xalloys, J. Phys. D Appl. Phys. 54 (2021). https://doi.org/10.1088/1361-6463/ac1139.",False,223.0,2.0,0.4,0.9232530964660436,223.0,0.0835767773427523,9.0186,1.082866141675301,3.92539364,13.30231470977151,3.083335083335084,0.886359614016714,7.291665291665291,0.0,1751.82734023734,0.25,223.0,3d-TM,include_strict_experimental_TC,Source-compatible experimental Curie temperature,286.6481400508061,4,358.34444444444443
102,GdTbDyHoErTmCoAl,[22],"L. Xue, L. Shao, B. Zhang, Z. Li, J. Cheng, B. Shen, Magnetic behaviors and magnetocaloric effects in rare earth high-entropy amorphous/nanocrystalline alloys, Journal of Rare Earths 42 (2024) 129–136. https://doi.org/10.1016/j.jre.2022.12.001.",False,35.0,5.0,6.2,6.2,403.0,0.1702615632294018,3.3288,8.399781974699854,-8.284718,16.43129223037101,4.875,0.1935589,1.0,0.0,1617.05875,0.6799999999999999,35.0,RE-rich,include_strict_experimental_TC,Source-compatible experimental Curie temperature,185.34992584673,4,57.47826086956522
103,GdTbDyHoErTmCoNi,[22],"L. Xue, L. Shao, B. Zhang, Z. Li, J. Cheng, B. Shen, Magnetic behaviors and magnetocaloric effects in rare earth high-entropy amorphous/nanocrystalline alloys, Journal of Rare Earths 42 (2024) 129–136. https://doi.org/10.1016/j.jre.2022.12.001.",False,40.0,5.0,7.3,7.3,483.0,0.2185643922805432,3.704400000000001,10.12684239413281,-10.6118208,16.76079447860377,4.5,0.2679832375,2.0,0.0,1716.375,0.71,40.0,RE-rich,include_strict_experimental_TC,Source-compatible experimental Curie temperature,191.24086371805808,4,57.47826086956522
106,GdTbHoErLaY,[23],"W.H. Zhu, L. Ma, M.F. He, S.F. Lu, Z.K. Li, G.H. Rao, L. Li, X.M. Li, C.Q. Yin, Magnetic properties and magnetocaloric effect of GdTbHoEr-based high-entropy alloy ribbons, Journal of Materials Science: Materials in Electronics 33 (2022) 25930–25938. https://doi.org/10.1007/s10854-022-09283-6.",False,120.0,5.0,6.38,6.38,760.58,0.0597152455332103,3.0003,2.238392597630376,0.121094,14.73879006707044,7.333333333333332,0.0,0.5,0.0,1620.666666666667,0.1399999999999999,120.0,RE-rich,include_strict_experimental_TC,Source-compatible experimental Curie temperature,131.908296151354,2,55.05
111,LaFe10.8Cr0.2Si2,[25],"Y. Sun, W. Lv, Y. Liang, Y. Gao, W. Cui, Y. Yan, W. Zhao, Q. Zhang, X. Sang, Magnetocaloric properties of transition metal doped high entropy LaFe11Si2 alloys on Fe sites, Scr. Mater. 223 (2023). https://doi.org/10.1016/j.scriptamat.2022.115068.",False,219.0,2.0,4.1,9.463344238776946,131.2,0.2778189894811103,6.8366,18.17931030961151,-8.123579600000001,6.337492845127867,4.385716614283385,1.628224864916335,4.771428228571772,0.1104283505716494,1754.414200585799,0.7999999999999998,219.0,TM-metalloid,include_strict_experimental_TC,Source-compatible experimental Curie temperature,224.4529769993896,6,333.1684210526316
112,LaFe10Co0.5Ni0.5Si2,[25],"Y. Sun, W. Lv, Y. Liang, Y. Gao, W. Cui, Y. Yan, W. Zhao, Q. Zhang, X. Sang, Magnetocaloric properties of transition metal doped high entropy LaFe11Si2 alloys on Fe sites, Scr. Mater. 223 (2023). https://doi.org/10.1016/j.scriptamat.2022.115068.",False,285.0,2.0,2.6,6.001145127029283,140.4,0.2800738738434044,6.9719,18.13641543376212,-9.8888312,8.176613146402376,4.250003,1.5841829155134,4.892855,0.110428461,1744.642646,0.8099999999999998,285.0,TM-metalloid,include_strict_experimental_TC,Source-compatible experimental Curie temperature,204.6124244143368,6,333.1684210526316
113,LaFe10.25Co0.25Ni0.25Cr0.25Si2,[25],"Y. Sun, W. Lv, Y. Liang, Y. Gao, W. Cui, Y. Yan, W. Zhao, Q. Zhang, X. Sang, Magnetocaloric properties of transition metal doped high entropy LaFe11Si2 alloys on Fe sites, Scr. Mater. 223 (2023). https://doi.org/10.1016/j.scriptamat.2022.115068.",False,247.0,2.0,2.4,5.539518578796261,141.6,0.2788617762248085,6.882099999999999,18.16417250687085,-8.976287000000001,7.840444272976105,4.339288,1.5835900077567,4.821427000000001,0.110428461,1753.481861,0.8099999999999998,247.0,TM-metalloid,include_strict_experimental_TC,Source-compatible experimental Curie temperature,208.4424815838061,6,333.1684210526316
114,Mn27Cr7Ni33Ge25Si8,[26],"K. Sarlar, A. Tekgul, I. Kucuk, Magnetocaloric properties of rare-earth-free Mn27Cr7Ni33Ge25Si8 High-Entropy Alloy, IEEE Magn. Lett. 10 (2019). https://doi.org/10.1109/LMAG.2019.2955667.",False,412.0,0.5,0.77,6.30004792085831,0.0,0.1835340567851099,6.930000000000001,4.503606113067868,-31.0026,12.09060290108072,3.799837799837801,0.1842801152868532,6.091420091420091,0.1936957826957827,1600.694884894885,0.4599999999999997,412.0,TM-metalloid,include_strict_experimental_TC,Source-compatible experimental Curie temperature,380.6345192374961,3,326.4555555555555
118,Fe25Co25Ni25Mo5P10B10,[27],"K. Wu, C. Liu, Q. Li, J. Huo, M. Li, C. Chang, Y. Sun, Magnetocaloric effect of Fe25Co25Ni25Mo5P10B10 high-entropy bulk metallic glass, J. Magn. Magn. Mater. 489 (2019). https://doi.org/10.1016/j.jmmm.2019.165404.",False,560.0,1.5,0.8,2.40105155379128,135.4,0.1174904251417961,7.85,11.64995830295754,-21.53,3.719127899711529,3.780720780720781,0.714187628016928,3.588946588946589,0.7446320296320297,1817.721643821644,0.3599999999999999,560.0,TM-metalloid,include_strict_experimental_TC,Source-compatible experimental Curie temperature,205.15142046706364,4,310.5333333333333
125,Fe26.7Ni26.7Ga15.6Mn20Si11,[29],"K. Sarlar, A. Tekgül, I. Kucuk, Magnetocaloric properties in a FeNiGaMnSi high entropy alloy, Current Applied Physics 20 (2020) 18–22. https://doi.org/10.1016/j.cap.2019.09.019.",False,322.0,2.0,1.59,3.6699310584525233,75.68,0.1307157083138824,7.114000000000001,5.761551295427342,-20.671728,12.96788157551366,3.831619,0.6693365489258587,5.524554000000001,0.158308081,1533.84621781,0.3599999999999999,322.0,TM-metalloid,include_strict_experimental_TC,Source-compatible experimental Curie temperature,361.06451889446816,3,326.4555555555555
126,Fe26.7Ni26.7Ga15.6Mn20Si11,[29],"K. Sarlar, A. Tekgül, I. Kucuk, Magnetocaloric properties in a FeNiGaMnSi high entropy alloy, Current Applied Physics 20 (2020) 18–22. https://doi.org/10.1016/j.cap.2019.09.019.",False,334.0,2.0,0.65,1.5002862817573208,29.04,0.1307157083138824,7.114000000000001,5.761551295427342,-20.671728,12.96788157551366,3.831619,0.6693365489258587,5.524554000000001,0.158308081,1533.84621781,0.3599999999999999,334.0,TM-metalloid,include_strict_experimental_TC,Source-compatible experimental Curie temperature,361.06451889446816,3,326.4555555555555
127,Al0.44Cr0.25MnFeCo0.05Ni0.2,[30],"S. Huang, Z. Dong, W. Mu, V. Ström, G. Chai, L.K. Varga, O. Eriksson, L. Vitos, Magnetocaloric properties of melt-spun MnFe-rich high-entropy alloy, Appl. Phys. Lett. 119 (2021). https://doi.org/10.1063/5.0065067.",False,340.0,0.82,0.458,2.3856005545545496,0.0,0.139095927058584,7.24198,4.920542602925307,-5.822618664,11.83891129597152,4.506803,0.7848556503069966,4.829931,0.0,1605.3491522,0.3599999999999999,340.0,3d-TM,include_strict_experimental_TC,Source-compatible experimental Curie temperature,328.26668087219264,9,290.5107142857143
128,Mn22.3Fe22.2Ni22.2Ge16.65Si16.65,[31],"J.Y. Law, L.M. Moreno-Ramírez, Á. Díaz-García, A. Martín-Cid, S. Kobayashi, S. Kawaguchi, T. Nakamura, V. Franco, MnFeNiGeSi high-entropy alloy with large magnetocaloric effect, J. Alloys Compd. 855 (2021). https://doi.org/10.1016/j.jallcom.2020.157424.",False,137.0,2.5,7.3,13.744186296497316,0.0,0.1584459433844867,6.889000000000001,4.946073844702334,-31.8031095,13.30215053015936,3.825049174950824,0.5311872848223219,4.857390142609857,0.2725212534787465,1630.895253904746,0.4599999999999997,137.0,TM-metalloid,include_strict_experimental_TC,Source-compatible experimental Curie temperature,324.7953364470245,3,326.4555555555555
133,Mn0.94Cr0.3Fe0.5Co0.2Ni0.5Al0.3,[32],"Z. Dong, S. Huang, V. Ström, G. Chai, L.K. Varga, O. Eriksson, L. Vitos, MnxCr0.3Fe0.5Co0.2Ni0.5Al0.3 high entropy alloys for magnetocaloric refrigeration near room temperature, J. Mater. Sci. Technol. 79 (2021) 15–20. https://doi.org/10.1016/j.jmst.2020.10.071.",False,321.0,0.62,0.38,2.5547972901997515,41.4,0.1522059279830029,7.6331,4.620347966253653,-7.411913679999999,13.43420055475163,4.233575766424233,0.6069401279409893,5.328468671531329,0.0,1636.861755968244,0.3599999999999999,321.0,3d-TM,include_strict_experimental_TC,Source-compatible experimental Curie temperature,339.5398588883695,4,358.34444444444443
152,Fe30.7Ni25.7Ga14.6Mn19Si10,[34],"K. Sarlar, A. Tekgül, N. Küçük, A.B. Etemoglu, Structural and magnetocaloric properties of FeNi high entropy alloys, Phys. Scr. 96 (2021). https://doi.org/10.1088/1402-4896/ac326d.",False,442.0,2.0,0.75,1.7310995558738318,76.1,0.1275677325972363,7.194,5.609499465599328,-19.068928,12.7913785663413,3.831224168775832,0.7483861930158726,5.595092404907596,0.1449443120556879,1549.125766214234,0.3599999999999999,442.0,TM-metalloid,include_strict_experimental_TC,Source-compatible experimental Curie temperature,338.85620990267125,2,308.86
153,Fe30.7Ni25.7Ga14.6Mn19Si10,[34],"K. Sarlar, A. Tekgül, N. Küçük, A.B. Etemoglu, Structural and magnetocaloric properties of FeNi high entropy alloys, Phys. Scr. 96 (2021). https://doi.org/10.1088/1402-4896/ac326d.",False,462.0,2.0,0.9,2.077319467048598,178.36,0.1275677325972363,7.194,5.609499465599328,-19.068928,12.7913785663413,3.831224168775832,0.7483861930158726,5.595092404907596,0.1449443120556879,1549.125766214234,0.3599999999999999,462.0,TM-metalloid,include_strict_experimental_TC,Source-compatible experimental Curie temperature,338.85620990267125,2,308.86
163,Mn20Al20Co14Fe20Cr26,[36],"Y. Zhang, P. Xu, J. Zhu, S. Yan, J. Zhang, L. Li, The emergence of considerable room temperature magnetocaloric performances in the transition metal high-entropy alloys, Materials Today Physics 32 (2023). https://doi.org/10.1016/j.mtphys.2023.101031.",False,268.0,2.0,0.623,1.437966697745863,73.22,0.1200006666648148,6.42,5.774063858123162,-10.0544,13.22968066192844,4.848611,0.5106100664443483,3.694703000000001,0.0,1546.36410978,0.3299999999999998,268.0,3d-TM,include_strict_experimental_TC,Source-compatible experimental Curie temperature,282.2408200015799,5,343.5958333333333
164,Mn20Al20Co14Fe20Cr26,[36],"Y. Zhang, P. Xu, J. Zhu, S. Yan, J. Zhang, L. Li, The emergence of considerable room temperature magnetocaloric performances in the transition metal high-entropy alloys, Materials Today Physics 32 (2023). https://doi.org/10.1016/j.mtphys.2023.101031.",False,268.0,5.0,1.156,1.156,189.48,0.1200006666648148,6.42,5.774063858123162,-10.0544,13.22968066192844,4.831636831636831,0.5280989160196125,3.702054702054702,0.0,1542.978386168386,0.3299999999999998,268.0,3d-TM,include_strict_experimental_TC,Source-compatible experimental Curie temperature,282.2408200015799,5,343.5958333333333
165,Mn20Al20Co14Fe21Cr25,[36],"Y. Zhang, P. Xu, J. Zhu, S. Yan, J. Zhang, L. Li, The emergence of considerable room temperature magnetocaloric performances in the transition metal high-entropy alloys, Materials Today Physics 32 (2023). https://doi.org/10.1016/j.mtphys.2023.101031.",False,280.0,2.0,0.649,1.4979781490161557,84.56,0.1207259292778481,6.44,5.779255888895785,-10.0636,13.24783027137862,4.814640814640815,0.5456104726084381,3.709418709418709,0.0,1539.588576188576,0.3299999999999998,280.0,3d-TM,include_strict_experimental_TC,Source-compatible experimental Curie temperature,282.2081874399556,5,343.5958333333333
166,Mn20Al20Co14Fe21Cr25,[36],"Y. Zhang, P. Xu, J. Zhu, S. Yan, J. Zhang, L. Li, The emergence of considerable room temperature magnetocaloric performances in the transition metal high-entropy alloys, Materials Today Physics 32 (2023). https://doi.org/10.1016/j.mtphys.2023.101031.",False,280.0,5.0,1.315,1.315,197.23,0.1207259292778481,6.44,5.779255888895785,-10.0636,13.24783027137862,4.797624,0.5631420105116345,3.71679,0.0,1536.19443048,0.3299999999999998,280.0,3d-TM,include_strict_experimental_TC,Source-compatible experimental Curie temperature,282.2081874399556,5,343.5958333333333
167,Mn20Al20Co14Fe22Cr24,[36],"Y. Zhang, P. Xu, J. Zhu, S. Yan, J. Zhang, L. Li, The emergence of considerable room temperature magnetocaloric performances in the transition metal high-entropy alloys, Materials Today Physics 32 (2023). https://doi.org/10.1016/j.mtphys.2023.101031.",False,300.0,2.0,0.686,1.5833790604392648,91.17,0.1214230620598904,6.460000000000001,5.784438006281253,-10.072,13.25869240997886,4.848611,0.5106100664443483,3.694703000000001,0.0,1546.36410978,0.3299999999999998,300.0,3d-TM,include_strict_experimental_TC,Source-compatible experimental Curie temperature,282.39337690985724,5,343.5958333333333
168,Mn20Al20Co14Fe22Cr24,[36],"Y. Zhang, P. Xu, J. Zhu, S. Yan, J. Zhang, L. Li, The emergence of considerable room temperature magnetocaloric performances in the transition metal high-entropy alloys, Materials Today Physics 32 (2023). https://doi.org/10.1016/j.mtphys.2023.101031.",False,300.0,5.0,1.361,1.361,206.87,0.1214230620598904,6.460000000000001,5.784438006281253,-10.072,13.25869240997886,4.831636831636831,0.5280989160196125,3.702054702054702,0.0,1542.978386168386,0.3299999999999998,300.0,3d-TM,include_strict_experimental_TC,Source-compatible experimental Curie temperature,282.39337690985724,5,343.5958333333333
169,Mn20Al20Co14Fe23Cr23,[36],"Y. Zhang, P. Xu, J. Zhu, S. Yan, J. Zhang, L. Li, The emergence of considerable room temperature magnetocaloric performances in the transition metal high-entropy alloys, Materials Today Physics 32 (2023). https://doi.org/10.1016/j.mtphys.2023.101031.",False,310.0,2.0,0.662,1.527983874651302,86.74,0.1220925468650727,6.48,5.789610234850571,-10.0796,13.26230854978233,4.814640814640815,0.5456104726084381,3.709418709418709,0.0,1539.588576188576,0.3299999999999998,310.0,3d-TM,include_strict_experimental_TC,Source-compatible experimental Curie temperature,282.7956469891136,5,343.5958333333333
170,Mn20Al20Co14Fe23Cr23,[36],"Y. Zhang, P. Xu, J. Zhu, S. Yan, J. Zhang, L. Li, The emergence of considerable room temperature magnetocaloric performances in the transition metal high-entropy alloys, Materials Today Physics 32 (2023). https://doi.org/10.1016/j.mtphys.2023.101031.",False,310.0,5.0,1.306,1.306,159.33,0.1220925468650727,6.48,5.789610234850571,-10.0796,13.26230854978233,4.797624,0.5631420105116345,3.71679,0.0,1536.19443048,0.3299999999999998,310.0,3d-TM,include_strict_experimental_TC,Source-compatible experimental Curie temperature,282.7956469891136,5,343.5958333333333
171,Mn20Cr14Ni33Ge25Si8,[37],"A. Tekgül, K. Sarlar, N. Küçük, A.B. Etemoǧlu, The structural, magnetic and magnetocaloric properties of MnCrNiGeSi high-entropy alloy, Phys. Scr. 97 (2022). https://doi.org/10.1088/1402-4896/ac77c6.",False,361.0,2.0,2.1,4.847078756446729,0.0,0.1741325931582022,6.860000000000001,4.14070372309715,-29.7482,12.56848031344428,3.878363,0.1835303708163207,6.087108000000001,0.192930618,1649.143049,0.4599999999999997,361.0,TM-metalloid,include_strict_experimental_TC,Source-compatible experimental Curie temperature,275.8453273604226,7,310.2888888888889
172,Mn20Cr14Ni33Ge25Si8,[37],"A. Tekgül, K. Sarlar, N. Küçük, A.B. Etemoǧlu, The structural, magnetic and magnetocaloric properties of MnCrNiGeSi high-entropy alloy, Phys. Scr. 97 (2022). https://doi.org/10.1088/1402-4896/ac77c6.",False,361.0,0.5,0.48,3.927302600015569,0.0,0.1741325931582022,6.860000000000001,4.14070372309715,-29.7482,12.56848031344428,3.833569,0.1839579040636344,6.089569,0.193367028,1621.5055778,0.4599999999999997,361.0,TM-metalloid,include_strict_experimental_TC,Source-compatible experimental Curie temperature,275.8453273604226,7,310.2888888888889
175,Mn24Cr10Ni33Ge25Si8,[37],"A. Tekgül, K. Sarlar, N. Küçük, A.B. Etemoǧlu, The structural, magnetic and magnetocaloric properties of MnCrNiGeSi high-entropy alloy, Phys. Scr. 97 (2022). https://doi.org/10.1088/1402-4896/ac77c6.",False,387.0,2.0,3.6,8.309277868194393,0.0,0.1796055678424251,6.9,4.361604250270622,-30.4554,12.36579818157664,3.878363,0.1835303708163207,6.087108000000001,0.192930618,1649.143049,0.4599999999999997,387.0,TM-metalloid,include_strict_experimental_TC,Source-compatible experimental Curie temperature,270.5164347348043,7,310.2888888888889
176,Mn24Cr10Ni33Ge25Si8,[37],"A. Tekgül, K. Sarlar, N. Küçük, A.B. Etemoǧlu, The structural, magnetic and magnetocaloric properties of MnCrNiGeSi high-entropy alloy, Phys. Scr. 97 (2022). https://doi.org/10.1088/1402-4896/ac77c6.",False,387.0,0.5,1.04,8.509155633367067,0.0,0.1796055678424251,6.9,4.361604250270622,-30.4554,12.36579818157664,3.833569,0.1839579040636344,6.089569,0.193367028,1621.5055778,0.4599999999999997,387.0,TM-metalloid,include_strict_experimental_TC,Source-compatible experimental Curie temperature,270.5164347348043,7,310.2888888888889
179,Al20Mn20Fe20Co14.5Cr25.5,[38],"Y. Zhang, J. Zhu, Z. Hao, W. Hao, Z. Mo, L. Li, Tunable magnetic phase transition and magnetocaloric effect in the rare-earth-free Al-Mn-Fe-Co-Cr high-entropy alloys, Mater. Des. 229 (2023). https://doi.org/10.1016/j.matdes.2023.111894.",False,282.8,2.0,0.531,1.225618485558673,0.0,0.1207012427442236,6.435,5.773465048522158,-10.1276,13.25427966361616,4.836448,0.5168444456226068,3.701747,0.0,1544.44949209,0.3299999999999998,282.8,3d-TM,include_strict_experimental_TC,Source-compatible experimental Curie temperature,280.00243491156664,10,331.7241379310345
181,Al20Mn20Fe20Co15.5Cr24.5,[38],"Y. Zhang, J. Zhu, Z. Hao, W. Hao, Z. Mo, L. Li, Tunable magnetic phase transition and magnetocaloric effect in the rare-earth-free Al-Mn-Fe-Co-Cr high-entropy alloys, Mater. Des. 229 (2023). https://doi.org/10.1016/j.matdes.2023.111894.",False,313.7,2.0,0.591,1.364106450028579,0.0,0.1220605997035898,6.465,5.772266991631865,-10.2716,13.29676211879624,4.812086000000001,0.5293329100167242,3.715847,0.0,1540.61290565,0.3299999999999998,313.7,3d-TM,include_strict_experimental_TC,Source-compatible experimental Curie temperature,278.95647685973887,10,331.7241379310345
183,Al20Mn20Fe20Co16.5Cr23.5,[38],"Y. Zhang, J. Zhu, Z. Hao, W. Hao, Z. Mo, L. Li, Tunable magnetic phase transition and magnetocaloric effect in the rare-earth-free Al-Mn-Fe-Co-Cr high-entropy alloys, Mater. Des. 229 (2023). https://doi.org/10.1016/j.matdes.2023.111894.",False,345.8,2.0,0.57,1.315635662464112,0.0,0.123365756999258,6.495,5.771068350881405,-10.4124,13.33048203656801,4.787673000000002,0.5418476987313622,3.729986,0.0,1536.76990074,0.3299999999999998,345.8,3d-TM,include_strict_experimental_TC,Source-compatible experimental Curie temperature,278.24170957652706,10,331.7241379310345
185,Dy27Er27Ni26Al20,[39],"L. Xue, L. Shao, Z. Li, Z. Han, B. Zhang, J. Huo, X. Wang, S. Zhu, B. Qian, J. Cheng, B. Shen, Utilization of high entropy in rare earth-based magnetocaloric metallic glasses, Journal of Materials Research and Technology 18 (2022) 5301–5311. https://doi.org/10.1016/j.jmrt.2022.05.022.",False,15.0,5.0,10.6,10.6,312.0,0.2919763004080982,4.82,14.5342908316268,-37.2368,11.46708172461414,3.69072469072469,0.1744585616896617,2.344106344106344,0.0,1338.19634054634,0.69,15.0,RE-rich,include_strict_experimental_TC,Source-compatible experimental Curie temperature,109.80049648999288,10,55.15
186,Dy18Er18Y18Ni26Al20,[39],"L. Xue, L. Shao, Z. Li, Z. Han, B. Zhang, J. Huo, X. Wang, S. Zhu, B. Qian, J. Cheng, B. Shen, Utilization of high entropy in rare earth-based magnetocaloric metallic glasses, Journal of Materials Research and Technology 18 (2022) 5301–5311. https://doi.org/10.1016/j.jmrt.2022.05.022.",False,10.0,5.0,10.2,10.2,209.0,0.2935251266927586,4.82,14.86967114040009,-39.1504,13.28755113095142,4.406435000000001,0.1643211970689,2.334034,0.0,1369.87842605,0.69,10.0,RE-rich,include_strict_experimental_TC,Source-compatible experimental Curie temperature,49.46468125696165,10,55.15
187,Dy13.5Er13.5Y13.5Gd13.5Ni26Al20,[39],"L. Xue, L. Shao, Z. Li, Z. Han, B. Zhang, J. Huo, X. Wang, S. Zhu, B. Qian, J. Cheng, B. Shen, Utilization of high entropy in rare earth-based magnetocaloric metallic glasses, Journal of Materials Research and Technology 18 (2022) 5301–5311. https://doi.org/10.1016/j.jmrt.2022.05.022.",False,22.0,5.0,9.2,9.2,280.0,0.2967477716849783,4.82,15.02092058458308,-39.0712,14.5791947303076,4.935414000000001,0.1663276772079001,2.384755000000001,0.0,1355.59056391,0.71,22.0,RE-rich,include_strict_experimental_TC,Source-compatible experimental Curie temperature,8.325215000375202,10,55.15
197,AlxCr0.2MnFe0.5Co0.3Ni0.5(x=0.3),[42],"S. Huang, Z. Dong, E. Dastanpour, V. Ström, G. Chai, L.K. Varga, O. Eriksson, L. Vitos, Vibrational entropy-enhanced magnetocaloric effect in Mn-rich high-entropy alloys, Appl. Phys. Lett. 119 (2021). https://doi.org/10.1063/5.0064308.",False,380.0,0.56,0.068,0.5016874239589642,0.0,0.1551249373790016,7.731,4.604131954387893,-7.589889119999999,13.31835653254585,4.314286314286314,0.519394041931066,4.314285314285314,0.0,1482.391510971511,0.3599999999999999,380.0,3d-TM,include_strict_experimental_TC,Source-compatible experimental Curie temperature,321.5052420327782,6,323.1892857142857
198,AlxCr0.2MnFe0.5Co0.3Ni0.5(x=0.35),[42],"S. Huang, Z. Dong, E. Dastanpour, V. Ström, G. Chai, L.K. Varga, O. Eriksson, L. Vitos, Vibrational entropy-enhanced magnetocaloric effect in Mn-rich high-entropy alloys, Appl. Phys. Lett. 119 (2021). https://doi.org/10.1063/5.0064308.",False,378.0,0.56,0.098,0.7230201109996836,0.0,0.1547907154174564,7.686199999999999,4.684758527180842,-8.006010799999999,13.3981723203574,4.314286314286314,0.519394041931066,4.314285314285314,0.0,1482.391510971511,0.3599999999999999,378.0,3d-TM,include_strict_experimental_TC,Source-compatible experimental Curie temperature,317.49286178357784,6,323.1892857142857
199,AlxCr0.2MnFe0.5Co0.3Ni0.5(x=0.6),[42],"S. Huang, Z. Dong, E. Dastanpour, V. Ström, G. Chai, L.K. Varga, O. Eriksson, L. Vitos, Vibrational entropy-enhanced magnetocaloric effect in Mn-rich high-entropy alloys, Appl. Phys. Lett. 119 (2021). https://doi.org/10.1063/5.0064308.",False,385.0,0.56,0.167,1.2320852911933382,0.0,0.1531494894099078,7.4834,5.034113563719657,-10.0199018,13.71399847290743,4.314286314286314,0.519394041931066,4.314285314285314,0.0,1482.391510971511,0.3599999999999999,385.0,3d-TM,include_strict_experimental_TC,Source-compatible experimental Curie temperature,300.27288713458137,6,323.1892857142857
200,AlxCr0.2MnFe0.5Co0.3Ni0.5(x=0.65),[42],"S. Huang, Z. Dong, E. Dastanpour, V. Ström, G. Chai, L.K. Varga, O. Eriksson, L. Vitos, Vibrational entropy-enhanced magnetocaloric effect in Mn-rich high-entropy alloys, Appl. Phys. Lett. 119 (2021). https://doi.org/10.1063/5.0064308.",False,370.0,0.56,0.154,1.1361744601423598,0.0,0.1528355750318988,7.450000000000001,5.089502757059114,-10.38117436,13.76382173296333,4.314286314286314,0.519394041931066,4.314285314285314,0.0,1482.391510971511,0.3599999999999999,370.0,3d-TM,include_strict_experimental_TC,Source-compatible experimental Curie temperature,297.3810152374267,6,323.1892857142857
