seed,fold,source_row,reference_id,chemistry_family,TC,prediction_K,family_mean_prediction_K
0,1,60,[13],TM-metalloid,271.0,286.42160232839007,351.14285714285717
0,1,61,[13],TM-metalloid,224.0,286.45631684947125,351.14285714285717
0,1,62,[13],TM-metalloid,232.0,287.21370229957813,351.14285714285717
0,1,63,[13],TM-metalloid,235.0,287.9135386974124,351.14285714285717
0,1,64,[13],TM-metalloid,327.6,286.11840242269557,351.14285714285717
0,1,65,[13],TM-metalloid,308.8,286.20515678177094,351.14285714285717
0,1,66,[13],TM-metalloid,271.3,286.42160232839007,351.14285714285717
0,1,67,[13],TM-metalloid,295.5,286.78301341497837,351.14285714285717
0,2,14,[4],RE-rich,127.0,181.9128600189198,51.73684210526316
0,2,15,[4],RE-rich,120.0,129.4381299393723,51.73684210526316
0,2,29,[8],RE-rich,39.0,96.57570257394593,51.73684210526316
0,2,30,[8],RE-rich,44.0,58.33518457004687,51.73684210526316
0,2,31,[8],RE-rich,41.0,59.44631488261667,51.73684210526316
0,2,32,[8],RE-rich,43.0,60.47898519560773,51.73684210526316
0,2,118,[27],TM-metalloid,560.0,488.5247156561396,310.5333333333333
0,2,133,[32],3d-TM,321.0,303.1450534136253,330.3645161290322
0,3,93,[18],3d-TM,113.0,400.36385752544703,357.64074074074074
0,3,94,[18],3d-TM,120.0,352.47395688572146,357.64074074074074
0,3,95,[18],3d-TM,110.0,345.50805046311075,357.64074074074074
0,3,96,[18],3d-TM,223.0,348.1227707429501,357.64074074074074
0,3,127,[30],3d-TM,340.0,348.19555919216526,357.64074074074074
0,3,152,[34],TM-metalloid,442.0,326.70018474695337,308.86
0,3,153,[34],TM-metalloid,462.0,326.70018474695337,308.86
0,4,37,[10],RE-rich,44.0,42.0243639277989,58.142857142857146
0,4,39,[10],RE-rich,44.0,34.69174583428338,58.142857142857146
0,4,41,[10],RE-rich,44.0,28.459381106497972,58.142857142857146
0,4,43,[10],RE-rich,44.0,7.476800211154966,58.142857142857146
0,4,111,[25],TM-metalloid,219.0,352.3855282574027,333.77647058823527
0,4,112,[25],TM-metalloid,285.0,313.0600965351389,333.77647058823527
0,4,113,[25],TM-metalloid,247.0,319.8355197570943,333.77647058823527
0,4,125,[29],TM-metalloid,322.0,355.02369956497097,333.77647058823527
0,4,126,[29],TM-metalloid,334.0,355.02369956497097,333.77647058823527
0,5,163,[36],3d-TM,268.0,283.20031133359237,343.5958333333333
0,5,164,[36],3d-TM,268.0,283.20031133359237,343.5958333333333
0,5,165,[36],3d-TM,280.0,282.93716762241,343.5958333333333
0,5,166,[36],3d-TM,280.0,282.93716762241,343.5958333333333
0,5,167,[36],3d-TM,300.0,282.9497861333423,343.5958333333333
0,5,168,[36],3d-TM,300.0,282.9497861333423,343.5958333333333
0,5,169,[36],3d-TM,310.0,283.2368020161449,343.5958333333333
0,5,170,[36],3d-TM,310.0,283.2368020161449,343.5958333333333
0,6,10,[3],RE-rich,55.0,56.39996700042144,58.09090909090909
0,6,11,[3],RE-rich,39.0,51.97005428946949,58.09090909090909
0,6,12,[3],RE-rich,25.0,49.30373101062196,58.09090909090909
0,6,179,[38],3d-TM,282.8,279.7991890481237,324.28
0,6,181,[38],3d-TM,313.7,278.89253234015234,324.28
0,6,183,[38],3d-TM,345.8,278.3693401326777,324.28
0,6,197,[42],3d-TM,380.0,303.4242422680642,324.28
0,6,198,[42],3d-TM,378.0,299.6466113007009,324.28
0,6,199,[42],3d-TM,385.0,284.6549336763943,324.28
0,6,200,[42],3d-TM,370.0,282.3211714201863,324.28
0,7,33,[9],RE-rich,51.0,69.42041454871479,56.81818181818182
0,7,34,[9],RE-rich,49.0,50.688439868274514,56.81818181818182
0,7,35,[9],RE-rich,47.0,43.96396504748847,56.81818181818182
0,7,171,[37],TM-metalloid,361.0,275.36989031095163,310.2888888888889
0,7,172,[37],TM-metalloid,361.0,275.36989031095163,310.2888888888889
0,7,175,[37],TM-metalloid,387.0,269.9671026595359,310.2888888888889
0,7,176,[37],TM-metalloid,387.0,269.9671026595359,310.2888888888889
0,8,80,[15],3d-TM,395.0,346.4139393593475,336.61199999999997
0,8,81,[15],3d-TM,321.0,346.21168777771425,336.61199999999997
0,8,82,[15],3d-TM,297.0,346.0443690606396,336.61199999999997
0,8,83,[15],3d-TM,279.0,345.924203364248,336.61199999999997
0,8,84,[15],3d-TM,264.0,345.84309031729094,336.61199999999997
0,8,85,[15],3d-TM,299.0,346.43358113024635,336.61199999999997
0,8,86,[15],3d-TM,292.0,346.4909040090887,336.61199999999997
0,8,106,[23],RE-rich,120.0,122.90125092308277,53.208333333333336
0,9,90,[17],3d-TM,651.0,354.2480939910224,292.21724137931034
0,9,91,[17],3d-TM,741.0,366.89608399638985,292.21724137931034
0,9,92,[17],3d-TM,696.0,353.80556468607426,292.21724137931034
0,9,128,[31],TM-metalloid,137.0,304.26264540883125,330.67619047619047
0,9,185,[39],RE-rich,15.0,100.98876042537859,61.36363636363637
0,9,186,[39],RE-rich,10.0,53.99385435808313,61.36363636363637
0,9,187,[39],RE-rich,22.0,25.88961745220179,61.36363636363637
0,10,45,[11],RE-rich,98.0,27.654914627800522,51.15
0,10,46,[11],RE-rich,102.0,27.654914627800522,51.15
0,10,53,[11],RE-rich,99.0,27.654914627800522,51.15
0,10,57,[12],3d-TM,329.0,290.7752826986434,330.1064516129032
0,10,102,[22],RE-rich,35.0,96.81783999241385,51.15
0,10,103,[22],RE-rich,40.0,86.86293803006085,51.15
0,10,114,[26],TM-metalloid,412.0,381.17656139703263,317.5809523809524
1,1,60,[13],TM-metalloid,271.0,280.9815831534711,351.14285714285717
1,1,61,[13],TM-metalloid,224.0,280.7137249051819,351.14285714285717
1,1,62,[13],TM-metalloid,232.0,281.09383548722985,351.14285714285717
1,1,63,[13],TM-metalloid,235.0,281.9887231428721,351.14285714285717
1,1,64,[13],TM-metalloid,327.6,281.09867590190686,351.14285714285717
1,1,65,[13],TM-metalloid,308.8,280.97067671333957,351.14285714285717
1,1,66,[13],TM-metalloid,271.3,280.9815831534711,351.14285714285717
1,1,67,[13],TM-metalloid,295.5,281.13790116542236,351.14285714285717
1,2,57,[12],3d-TM,329.0,397.2675609094484,358.04814814814813
1,2,93,[18],3d-TM,113.0,438.72449815168545,358.04814814814813
1,2,94,[18],3d-TM,120.0,400.5443626942252,358.04814814814813
1,2,95,[18],3d-TM,110.0,401.5316957350067,358.04814814814813
1,2,96,[18],3d-TM,223.0,407.4896134133545,358.04814814814813
1,2,152,[34],TM-metalloid,442.0,323.57685324483873,308.86
1,2,153,[34],TM-metalloid,462.0,323.57685324483873,308.86
1,3,14,[4],RE-rich,127.0,172.3923159057895,51.26315789473684
1,3,15,[4],RE-rich,120.0,114.23219696756288,51.26315789473684
1,3,37,[10],RE-rich,44.0,44.59577224938968,51.26315789473684
1,3,39,[10],RE-rich,44.0,37.55039846286306,51.26315789473684
1,3,41,[10],RE-rich,44.0,31.33784955177387,51.26315789473684
1,3,43,[10],RE-rich,44.0,9.332205627357524,51.26315789473684
1,3,114,[26],TM-metalloid,412.0,378.5426670527619,317.5809523809524
1,3,133,[32],3d-TM,321.0,315.33630881338127,330.3645161290322
1,4,29,[8],RE-rich,39.0,96.15169279317544,58.57142857142857
1,4,30,[8],RE-rich,44.0,56.58044930588525,58.57142857142857
1,4,31,[8],RE-rich,41.0,57.74950999123732,58.57142857142857
1,4,32,[8],RE-rich,43.0,58.95832984760008,58.57142857142857
1,4,111,[25],TM-metalloid,219.0,288.3417187024178,333.77647058823527
1,4,112,[25],TM-metalloid,285.0,244.29963592980764,333.77647058823527
1,4,113,[25],TM-metalloid,247.0,250.65776778958795,333.77647058823527
1,4,125,[29],TM-metalloid,322.0,336.5625617095517,333.77647058823527
1,4,126,[29],TM-metalloid,334.0,336.5625617095517,333.77647058823527
1,5,163,[36],3d-TM,268.0,282.2539589345718,343.5958333333333
1,5,164,[36],3d-TM,268.0,282.2539589345718,343.5958333333333
1,5,165,[36],3d-TM,280.0,282.219190053479,343.5958333333333
1,5,166,[36],3d-TM,280.0,282.219190053479,343.5958333333333
1,5,167,[36],3d-TM,300.0,282.4022438244574,343.5958333333333
1,5,168,[36],3d-TM,300.0,282.4022438244574,343.5958333333333
1,5,169,[36],3d-TM,310.0,282.80237746127096,343.5958333333333
1,5,170,[36],3d-TM,310.0,282.80237746127096,343.5958333333333
1,6,33,[9],RE-rich,51.0,65.42883285983604,56.81818181818182
1,6,34,[9],RE-rich,49.0,51.65401885407837,56.81818181818182
1,6,35,[9],RE-rich,47.0,44.073800415572606,56.81818181818182
1,6,171,[37],TM-metalloid,361.0,359.47260595127125,310.2888888888889
1,6,172,[37],TM-metalloid,361.0,359.47260595127125,310.2888888888889
1,6,175,[37],TM-metalloid,387.0,366.6538507502265,310.2888888888889
1,6,176,[37],TM-metalloid,387.0,366.6538507502265,310.2888888888889
1,6,179,[38],3d-TM,282.8,298.73023364654284,331.7241379310345
1,6,181,[38],3d-TM,313.7,297.8282136863654,331.7241379310345
1,6,183,[38],3d-TM,345.8,297.36520200951725,331.7241379310345
1,7,10,[3],RE-rich,55.0,59.074935997037215,58.09090909090909
1,7,11,[3],RE-rich,39.0,52.28320116454424,58.09090909090909
1,7,12,[3],RE-rich,25.0,48.67140676521544,58.09090909090909
1,7,197,[42],3d-TM,380.0,305.6144332264676,323.1892857142857
1,7,198,[42],3d-TM,378.0,301.7830459113996,323.1892857142857
1,7,199,[42],3d-TM,385.0,286.4895055842178,323.1892857142857
1,7,200,[42],3d-TM,370.0,284.0903342219738,323.1892857142857
1,8,80,[15],3d-TM,395.0,346.59038007207613,336.61199999999997
1,8,81,[15],3d-TM,321.0,346.38684488825805,336.61199999999997
1,8,82,[15],3d-TM,297.0,346.2182560898783,336.61199999999997
1,8,83,[15],3d-TM,279.0,346.0967857914276,336.61199999999997
1,8,84,[15],3d-TM,264.0,346.01436902035834,336.61199999999997
1,8,85,[15],3d-TM,299.0,346.6096602482176,336.61199999999997
1,8,86,[15],3d-TM,292.0,346.6666201563851,336.61199999999997
1,8,106,[23],RE-rich,120.0,122.97759969349421,53.208333333333336
1,9,90,[17],3d-TM,651.0,402.6233427544555,292.21724137931034
1,9,91,[17],3d-TM,741.0,401.7319878707351,292.21724137931034
1,9,92,[17],3d-TM,696.0,383.0742852075974,292.21724137931034
1,9,128,[31],TM-metalloid,137.0,335.1513313562074,330.67619047619047
1,9,185,[39],RE-rich,15.0,111.0588720605707,61.36363636363637
1,9,186,[39],RE-rich,10.0,46.904768967406426,61.36363636363637
1,9,187,[39],RE-rich,22.0,3.817019278913108,61.36363636363637
1,10,45,[11],RE-rich,98.0,47.949244549965506,51.15
1,10,46,[11],RE-rich,102.0,47.949244549965506,51.15
1,10,53,[11],RE-rich,99.0,47.949244549965506,51.15
1,10,102,[22],RE-rich,35.0,62.510982762517855,51.15
1,10,103,[22],RE-rich,40.0,46.94146810480903,51.15
1,10,118,[27],TM-metalloid,560.0,260.2123810372499,310.5333333333333
1,10,127,[30],3d-TM,340.0,343.3498868157277,329.7516129032258
2,1,60,[13],TM-metalloid,271.0,280.6768232199989,351.14285714285717
2,1,61,[13],TM-metalloid,224.0,280.4073493403413,351.14285714285717
2,1,62,[13],TM-metalloid,232.0,280.7853031965865,351.14285714285717
2,1,63,[13],TM-metalloid,235.0,281.67464363676214,351.14285714285717
2,1,64,[13],TM-metalloid,327.6,280.7909258858571,351.14285714285717
2,1,65,[13],TM-metalloid,308.8,280.6644017893089,351.14285714285717
2,1,66,[13],TM-metalloid,271.3,280.6768232199989,351.14285714285717
2,1,67,[13],TM-metalloid,295.5,280.83480057439374,351.14285714285717
2,2,14,[4],RE-rich,127.0,172.47310987243895,51.73684210526316
2,2,15,[4],RE-rich,120.0,114.19409235859956,51.73684210526316
2,2,29,[8],RE-rich,39.0,71.02980206021681,51.73684210526316
2,2,30,[8],RE-rich,44.0,44.57291051130778,51.73684210526316
2,2,31,[8],RE-rich,41.0,45.620243333256894,51.73684210526316
2,2,32,[8],RE-rich,43.0,46.186182436375816,51.73684210526316
2,2,57,[12],3d-TM,329.0,304.57242117599844,330.1064516129032
2,3,37,[10],RE-rich,44.0,37.85849714332787,58.142857142857146
2,3,39,[10],RE-rich,44.0,30.920451224151947,58.142857142857146
2,3,41,[10],RE-rich,44.0,25.14626047963401,58.142857142857146
2,3,43,[10],RE-rich,44.0,10.103061411922738,58.142857142857146
2,3,128,[31],TM-metalloid,137.0,305.8721527488118,317.90526315789475
2,3,133,[32],3d-TM,321.0,359.10638900926483,330.3645161290322
2,3,152,[34],TM-metalloid,442.0,365.617550759997,317.90526315789475
2,3,153,[34],TM-metalloid,462.0,365.617550759997,317.90526315789475
2,4,93,[18],3d-TM,113.0,586.7250608170845,357.01071428571424
2,4,94,[18],3d-TM,120.0,309.6109513459469,357.01071428571424
2,4,95,[18],3d-TM,110.0,255.65978527486615,357.01071428571424
2,4,96,[18],3d-TM,223.0,261.06455116219956,357.01071428571424
2,4,118,[27],TM-metalloid,560.0,243.50917362387162,308.69473684210527
2,4,125,[29],TM-metalloid,322.0,413.64831358284255,308.69473684210527
2,4,126,[29],TM-metalloid,334.0,413.64831358284255,308.69473684210527
2,5,163,[36],3d-TM,268.0,275.58386760290614,343.5958333333333
2,5,164,[36],3d-TM,268.0,275.58386760290614,343.5958333333333
2,5,165,[36],3d-TM,280.0,275.4087377501806,343.5958333333333
2,5,166,[36],3d-TM,280.0,275.4087377501806,343.5958333333333
2,5,167,[36],3d-TM,300.0,275.45568344310306,343.5958333333333
2,5,168,[36],3d-TM,300.0,275.45568344310306,343.5958333333333
2,5,169,[36],3d-TM,310.0,275.7234952336573,343.5958333333333
2,5,170,[36],3d-TM,310.0,275.7234952336573,343.5958333333333
2,6,111,[25],TM-metalloid,219.0,172.5666231633438,333.1684210526316
2,6,112,[25],TM-metalloid,285.0,166.33594200590792,333.1684210526316
2,6,113,[25],TM-metalloid,247.0,167.7640781451259,333.1684210526316
2,6,197,[42],3d-TM,380.0,314.55482311487253,323.1892857142857
2,6,198,[42],3d-TM,378.0,312.16231316078256,323.1892857142857
2,6,199,[42],3d-TM,385.0,301.0727006017969,323.1892857142857
2,6,200,[42],3d-TM,370.0,299.1026410630994,323.1892857142857
2,7,10,[3],RE-rich,55.0,66.1780255830671,58.09090909090909
2,7,11,[3],RE-rich,39.0,52.35363267029494,58.09090909090909
2,7,12,[3],RE-rich,25.0,46.527278623350924,58.09090909090909
2,7,171,[37],TM-metalloid,361.0,299.95579967848977,310.2888888888889
2,7,172,[37],TM-metalloid,361.0,299.95579967848977,310.2888888888889
2,7,175,[37],TM-metalloid,387.0,301.3032122062965,310.2888888888889
2,7,176,[37],TM-metalloid,387.0,301.3032122062965,310.2888888888889
2,7,179,[38],3d-TM,282.8,279.7555821288977,331.7241379310345
2,7,181,[38],3d-TM,313.7,279.51350410003465,331.7241379310345
2,7,183,[38],3d-TM,345.8,279.49412066261254,331.7241379310345
2,8,33,[9],RE-rich,51.0,85.26445824514485,56.81818181818182
2,8,34,[9],RE-rich,49.0,71.90358150404955,56.81818181818182
2,8,35,[9],RE-rich,47.0,64.51688234394476,56.81818181818182
2,8,80,[15],3d-TM,395.0,397.680761645881,336.61199999999997
2,8,81,[15],3d-TM,321.0,396.17333040235195,336.61199999999997
2,8,82,[15],3d-TM,297.0,394.7393325659932,336.61199999999997
2,8,83,[15],3d-TM,279.0,393.3346966782939,336.61199999999997
2,8,84,[15],3d-TM,264.0,391.98394900876036,336.61199999999997
2,8,85,[15],3d-TM,299.0,396.89266419752175,336.61199999999997
2,8,86,[15],3d-TM,292.0,396.12680873128676,336.61199999999997
2,9,90,[17],3d-TM,651.0,191.07436246535707,292.21724137931034
2,9,91,[17],3d-TM,741.0,240.30730260341454,292.21724137931034
2,9,92,[17],3d-TM,696.0,231.72764610854736,292.21724137931034
2,9,106,[23],RE-rich,120.0,120.30854860248971,58.57142857142857
2,9,185,[39],RE-rich,15.0,84.22639292884615,58.57142857142857
2,9,186,[39],RE-rich,10.0,48.071655630029454,58.57142857142857
2,9,187,[39],RE-rich,22.0,54.639529569283496,58.57142857142857
2,10,45,[11],RE-rich,98.0,47.268785928063,51.15
2,10,46,[11],RE-rich,102.0,47.268785928063,51.15
2,10,53,[11],RE-rich,99.0,47.268785928063,51.15
2,10,102,[22],RE-rich,35.0,23.376972462675283,51.15
2,10,103,[22],RE-rich,40.0,-4.601320437397632,51.15
2,10,114,[26],TM-metalloid,412.0,353.93001355130156,317.5809523809524
2,10,127,[30],3d-TM,340.0,351.0157353108661,329.7516129032258
3,1,60,[13],TM-metalloid,271.0,296.940621135465,351.14285714285717
3,1,61,[13],TM-metalloid,224.0,296.2777073292889,351.14285714285717
3,1,62,[13],TM-metalloid,232.0,296.32248862045003,351.14285714285717
3,1,63,[13],TM-metalloid,235.0,297.4066258951932,351.14285714285717
3,1,64,[13],TM-metalloid,327.6,296.8807437816758,351.14285714285717
3,1,65,[13],TM-metalloid,308.8,296.81727807853787,351.14285714285717
3,1,66,[13],TM-metalloid,271.3,296.940621135465,351.14285714285717
3,1,67,[13],TM-metalloid,295.5,297.2487505332161,351.14285714285717
3,2,93,[18],3d-TM,113.0,333.3443172602566,358.34444444444443
3,2,94,[18],3d-TM,120.0,302.7965730835591,358.34444444444443
3,2,95,[18],3d-TM,110.0,288.31610439126325,358.34444444444443
3,2,96,[18],3d-TM,223.0,286.7673564763081,358.34444444444443
3,2,102,[22],RE-rich,35.0,159.4608830527253,57.47826086956522
3,2,103,[22],RE-rich,40.0,164.14221648017266,57.47826086956522
3,2,118,[27],TM-metalloid,560.0,194.41610016234273,310.5333333333333
3,2,133,[32],3d-TM,321.0,330.82134469832795,358.34444444444443
3,3,37,[10],RE-rich,44.0,43.79649150368142,58.142857142857146
3,3,39,[10],RE-rich,44.0,36.76003563592077,58.142857142857146
3,3,41,[10],RE-rich,44.0,30.63312675384536,58.142857142857146
3,3,43,[10],RE-rich,44.0,8.33052836430143,58.142857142857146
3,3,114,[26],TM-metalloid,412.0,373.92486113474706,326.4555555555555
3,3,125,[29],TM-metalloid,322.0,354.5310822908728,326.4555555555555
3,3,126,[29],TM-metalloid,334.0,354.5310822908728,326.4555555555555
3,3,128,[31],TM-metalloid,137.0,334.8302584803058,326.4555555555555
3,4,29,[8],RE-rich,39.0,107.14001864802829,55.5
3,4,30,[8],RE-rich,44.0,89.64949032088947,55.5
3,4,31,[8],RE-rich,41.0,89.75940809943998,55.5
3,4,32,[8],RE-rich,43.0,89.8257673284613,55.5
3,4,57,[12],3d-TM,329.0,277.94124190619294,330.1064516129032
3,4,106,[23],RE-rich,120.0,193.11525233541448,55.5
3,4,152,[34],TM-metalloid,442.0,303.8587502055457,308.86
3,4,153,[34],TM-metalloid,462.0,303.8587502055457,308.86
3,5,163,[36],3d-TM,268.0,290.439209102131,343.5958333333333
3,5,164,[36],3d-TM,268.0,290.439209102131,343.5958333333333
3,5,165,[36],3d-TM,280.0,290.2853128355105,343.5958333333333
3,5,166,[36],3d-TM,280.0,290.2853128355105,343.5958333333333
3,5,167,[36],3d-TM,300.0,290.42715438823444,343.5958333333333
3,5,168,[36],3d-TM,300.0,290.42715438823444,343.5958333333333
3,5,169,[36],3d-TM,310.0,290.8633322612,343.5958333333333
3,5,170,[36],3d-TM,310.0,290.8633322612,343.5958333333333
3,6,10,[3],RE-rich,55.0,67.2666244668979,58.09090909090909
3,6,11,[3],RE-rich,39.0,52.490682793002065,58.09090909090909
3,6,12,[3],RE-rich,25.0,46.3513319242588,58.09090909090909
3,6,171,[37],TM-metalloid,361.0,301.4993952465759,310.2888888888889
3,6,172,[37],TM-metalloid,361.0,301.4993952465759,310.2888888888889
3,6,175,[37],TM-metalloid,387.0,302.9409176536957,310.2888888888889
3,6,176,[37],TM-metalloid,387.0,302.9409176536957,310.2888888888889
3,7,111,[25],TM-metalloid,219.0,195.0494486763686,333.1684210526316
3,7,112,[25],TM-metalloid,285.0,193.71215896227363,333.1684210526316
3,7,113,[25],TM-metalloid,247.0,194.11310994020903,333.1684210526316
3,7,197,[42],3d-TM,380.0,300.60244435285585,323.1892857142857
3,7,198,[42],3d-TM,378.0,300.19394577471235,323.1892857142857
3,7,199,[42],3d-TM,385.0,296.64852435029405,323.1892857142857
3,7,200,[42],3d-TM,370.0,295.7789350261629,323.1892857142857
3,8,33,[9],RE-rich,51.0,77.23675885882047,56.81818181818182
3,8,34,[9],RE-rich,49.0,62.006721039140416,56.81818181818182
3,8,35,[9],RE-rich,47.0,53.81970796242899,56.81818181818182
3,8,80,[15],3d-TM,395.0,346.8107135100645,336.61199999999997
3,8,81,[15],3d-TM,321.0,346.6129672441526,336.61199999999997
3,8,82,[15],3d-TM,297.0,346.4504504797842,336.61199999999997
3,8,83,[15],3d-TM,279.0,346.33232028801467,336.61199999999997
3,8,84,[15],3d-TM,264.0,346.2529251651748,336.61199999999997
3,8,85,[15],3d-TM,299.0,346.844950256506,336.61199999999997
3,8,86,[15],3d-TM,292.0,346.9148534614543,336.61199999999997
3,9,45,[11],RE-rich,98.0,35.4291941977454,49.90909090909091
3,9,46,[11],RE-rich,102.0,35.4291941977454,49.90909090909091
3,9,53,[11],RE-rich,99.0,35.4291941977454,49.90909090909091
3,9,90,[17],3d-TM,651.0,98.20494535751092,290.5107142857143
3,9,91,[17],3d-TM,741.0,213.8250737402545,290.5107142857143
3,9,92,[17],3d-TM,696.0,178.28582107661438,290.5107142857143
3,9,127,[30],3d-TM,340.0,363.4726955660685,290.5107142857143
3,10,14,[4],RE-rich,127.0,175.6609268664535,55.15
3,10,15,[4],RE-rich,120.0,113.60427484574649,55.15
3,10,179,[38],3d-TM,282.8,293.5175089841803,331.7241379310345
3,10,181,[38],3d-TM,313.7,292.500694744892,331.7241379310345
3,10,183,[38],3d-TM,345.8,291.98062903685724,331.7241379310345
3,10,185,[39],RE-rich,15.0,85.42750224657226,55.15
3,10,186,[39],RE-rich,10.0,52.32692977614266,55.15
3,10,187,[39],RE-rich,22.0,40.098836407041915,55.15
4,1,60,[13],TM-metalloid,271.0,304.67671066933434,351.14285714285717
4,1,61,[13],TM-metalloid,224.0,304.1325206448187,351.14285714285717
4,1,62,[13],TM-metalloid,232.0,304.24068440041543,351.14285714285717
4,1,63,[13],TM-metalloid,235.0,305.6083283457746,351.14285714285717
4,1,64,[13],TM-metalloid,327.6,304.6788413674654,351.14285714285717
4,1,65,[13],TM-metalloid,308.8,304.59667845460905,351.14285714285717
4,1,66,[13],TM-metalloid,271.3,304.67671066933434,351.14285714285717
4,1,67,[13],TM-metalloid,295.5,304.91167280079554,351.14285714285717
4,2,14,[4],RE-rich,127.0,164.27386979649236,51.73684210526316
4,2,15,[4],RE-rich,120.0,115.09711214507327,51.73684210526316
4,2,29,[8],RE-rich,39.0,77.65818861537129,51.73684210526316
4,2,30,[8],RE-rich,44.0,47.82028118409529,51.73684210526316
4,2,31,[8],RE-rich,41.0,48.84930472197318,51.73684210526316
4,2,32,[8],RE-rich,43.0,49.5775042941673,51.73684210526316
4,2,57,[12],3d-TM,329.0,305.8077883545281,330.1064516129032
4,3,37,[10],RE-rich,44.0,37.671820151435526,58.142857142857146
4,3,39,[10],RE-rich,44.0,30.146577999888876,58.142857142857146
4,3,41,[10],RE-rich,44.0,23.573209490085077,58.142857142857146
4,3,43,[10],RE-rich,44.0,1.8360929284051224,58.142857142857146
4,3,111,[25],TM-metalloid,219.0,381.93137433143227,319.18823529411765
4,3,112,[25],TM-metalloid,285.0,347.43521705024807,319.18823529411765
4,3,113,[25],TM-metalloid,247.0,353.2928661681975,319.18823529411765
4,3,152,[34],TM-metalloid,442.0,346.8945384521553,319.18823529411765
4,3,153,[34],TM-metalloid,462.0,346.8945384521553,319.18823529411765
4,4,93,[18],3d-TM,113.0,444.3353380481497,357.01071428571424
4,4,94,[18],3d-TM,120.0,344.82599119719407,357.01071428571424
4,4,95,[18],3d-TM,110.0,326.38041151985556,357.01071428571424
4,4,96,[18],3d-TM,223.0,329.62447626852395,357.01071428571424
4,4,125,[29],TM-metalloid,322.0,353.06091471789307,321.26
4,4,126,[29],TM-metalloid,334.0,353.06091471789307,321.26
4,5,118,[27],TM-metalloid,560.0,274.38641187171254,310.5333333333333
4,5,163,[36],3d-TM,268.0,282.9915909003472,343.5958333333333
4,5,164,[36],3d-TM,268.0,282.9915909003472,343.5958333333333
4,5,165,[36],3d-TM,280.0,282.94969594918444,343.5958333333333
4,5,166,[36],3d-TM,280.0,282.94969594918444,343.5958333333333
4,5,167,[36],3d-TM,300.0,283.1291152503122,343.5958333333333
4,5,168,[36],3d-TM,300.0,283.1291152503122,343.5958333333333
4,5,169,[36],3d-TM,310.0,283.52956456201684,343.5958333333333
4,5,170,[36],3d-TM,310.0,283.52956456201684,343.5958333333333
4,6,10,[3],RE-rich,55.0,125.0154844687352,58.09090909090909
4,6,11,[3],RE-rich,39.0,93.54190699379777,58.09090909090909
4,6,12,[3],RE-rich,25.0,89.13508303868925,58.09090909090909
4,6,179,[38],3d-TM,282.8,280.27263286746563,324.28
4,6,181,[38],3d-TM,313.7,281.05120302984545,324.28
4,6,183,[38],3d-TM,345.8,281.8566660125203,324.28
4,6,197,[42],3d-TM,380.0,299.9243827235191,324.28
4,6,198,[42],3d-TM,378.0,299.4834563781904,324.28
4,6,199,[42],3d-TM,385.0,296.3472458014436,324.28
4,6,200,[42],3d-TM,370.0,295.6283006500978,324.28
4,7,33,[9],RE-rich,51.0,67.66814907953582,56.81818181818182
4,7,34,[9],RE-rich,49.0,53.71050802821938,56.81818181818182
4,7,35,[9],RE-rich,47.0,46.27241218658631,56.81818181818182
4,7,127,[30],3d-TM,340.0,362.4977598508042,329.7516129032258
4,7,171,[37],TM-metalloid,361.0,323.9187353114952,310.2888888888889
4,7,172,[37],TM-metalloid,361.0,323.9187353114952,310.2888888888889
4,7,175,[37],TM-metalloid,387.0,327.43819656439916,310.2888888888889
4,7,176,[37],TM-metalloid,387.0,327.43819656439916,310.2888888888889
4,8,80,[15],3d-TM,395.0,347.6717793427986,336.61199999999997
4,8,81,[15],3d-TM,321.0,347.45097070586314,336.61199999999997
4,8,82,[15],3d-TM,297.0,347.26706365409075,336.61199999999997
4,8,83,[15],3d-TM,279.0,347.12757592698983,336.61199999999997
4,8,84,[15],3d-TM,264.0,347.02784408951584,336.61199999999997
4,8,85,[15],3d-TM,299.0,347.69387004703333,336.61199999999997
4,8,86,[15],3d-TM,292.0,347.7516457948398,336.61199999999997
4,8,128,[31],TM-metalloid,137.0,297.5461757857478,330.67619047619047
4,9,90,[17],3d-TM,651.0,191.10010506559271,292.21724137931034
4,9,91,[17],3d-TM,741.0,240.33783152928393,292.21724137931034
4,9,92,[17],3d-TM,696.0,231.74648491233825,292.21724137931034
4,9,106,[23],RE-rich,120.0,120.2922325569198,58.57142857142857
4,9,185,[39],RE-rich,15.0,84.24012585997433,58.57142857142857
4,9,186,[39],RE-rich,10.0,48.090373657887,58.57142857142857
4,9,187,[39],RE-rich,22.0,54.6589712928936,58.57142857142857
4,10,45,[11],RE-rich,98.0,46.89989630174365,51.15
4,10,46,[11],RE-rich,102.0,46.89989630174365,51.15
4,10,53,[11],RE-rich,99.0,46.89989630174365,51.15
4,10,102,[22],RE-rich,35.0,65.26617038849932,51.15
4,10,103,[22],RE-rich,40.0,48.94659120460341,51.15
4,10,114,[26],TM-metalloid,412.0,312.2716002620543,317.5809523809524
4,10,133,[32],3d-TM,321.0,306.3500805513782,330.3645161290322
