model,prediction_window,scope,n,tp,tn,fp,fn,precision,recall,specificity,balanced_accuracy,mcc,enrichment
SVR,250-350 K,all,79,19,33,18,9,0.5135135135135135,0.6785714285714286,0.6470588235294118,0.6628151260504203,0.3121500019191541,1.4488416988416988
SVR,250-350 K,3d-TM,32,14,4,8,6,0.6363636363636364,0.7,0.3333333333333333,0.5166666666666666,0.034815531191139566,1.018181818181818
SVR,250-350 K,RE-rich,25,0,25,0,0,0.0,,1.0,,,
SVR,250-350 K,TM-metalloid,22,5,4,10,3,0.3333333333333333,0.625,0.2857142857142857,0.45535714285714285,-0.09221388919541469,0.9166666666666666
SVR,225-375 K,all,79,21,33,18,7,0.5384615384615384,0.75,0.6470588235294118,0.6985294117647058,0.3798889454297512,1.5192307692307692
SVR,225-375 K,3d-TM,32,14,4,8,6,0.6363636363636364,0.7,0.3333333333333333,0.5166666666666666,0.034815531191139566,1.018181818181818
SVR,225-375 K,RE-rich,25,0,25,0,0,0.0,,1.0,,,
SVR,225-375 K,TM-metalloid,22,7,4,10,1,0.4117647058823529,0.875,0.2857142857142857,0.5803571428571428,0.18448201388042726,1.1323529411764706
SVR,270-330 K,all,79,18,36,15,10,0.5454545454545454,0.6428571428571429,0.7058823529411765,0.6743697478991597,0.3382434172212665,1.5389610389610389
SVR,270-330 K,3d-TM,32,13,5,7,7,0.65,0.65,0.4166666666666667,0.5333333333333333,0.06666666666666667,1.04
SVR,270-330 K,RE-rich,25,0,25,0,0,0.0,,1.0,,,
SVR,270-330 K,TM-metalloid,22,5,6,8,3,0.38461538461538464,0.625,0.42857142857142855,0.5267857142857143,0.052414241836095915,1.0576923076923077
