cohort,annotation_record_id,source_row,composition,reference_id,TC,publication_mapping_status,target_audit_status,target_audit_note,model_eligibility,review_notes
target_verified,A067,98,AlCrFeCoNiCu,[20],295.0,all_records_direct,target_semantics_review_required,"The dataset value 295 K is reported in the source as the maximum of -Delta S_M, not explicitly as TC; the paper separately discusses a blocking temperature near 325 K.",exclude_pending_target_review,
target_verified,A068,100,V0.85FeCoNiCu1.15,[21],297.0,all_records_direct,target_value_conflict_review_required,"The abstract reports 297 K, whereas the main text gives approximately 280 K; the same nominal composition is 329 K in reference 12.",exclude_pending_target_review,
target_verified,A089,134,(Gd36Tb20Co20Al24)99Fe1,[33],94.0,secondary_review_original_sources_required,secondary_source_traceback_required,Each record must be checked against its original primary publication before model-ready use.,exclude_pending_target_review,
target_verified,A090,135,Gd18Ho22Tm20Cu22Al18,[33],33.6,secondary_review_original_sources_required,secondary_source_traceback_required,Each record must be checked against its original primary publication before model-ready use.,exclude_pending_target_review,
target_verified,A091,136,Gd36Tb20Co20Al24,[33],81.0,secondary_review_original_sources_required,secondary_source_traceback_required,Each record must be checked against its original primary publication before model-ready use.,exclude_pending_target_review,
target_verified,A092,137,Gd19Tb19Er18Fe19Al25,[33],97.0,secondary_review_original_sources_required,secondary_source_traceback_required,Each record must be checked against its original primary publication before model-ready use.,exclude_pending_target_review,
target_verified,A093,138,(Gd36Tb20Co20Al24)98Fe2,[33],100.0,secondary_review_original_sources_required,secondary_source_traceback_required,Each record must be checked against its original primary publication before model-ready use.,exclude_pending_target_review,
target_verified,A094,139,Fe24.1Co24.1Ni24.1Cr27.7,[33],36.0,secondary_review_original_sources_required,secondary_source_traceback_required,Each record must be checked against its original primary publication before model-ready use.,exclude_pending_target_review,
target_verified,A095,140,Fe24.39Co24.39Ni24.39Cr26.83,[33],48.0,secondary_review_original_sources_required,secondary_source_traceback_required,Each record must be checked against its original primary publication before model-ready use.,exclude_pending_target_review,
target_verified,A096,141,FeCoNiCr,[33],171.0,secondary_review_original_sources_required,secondary_source_traceback_required,Each record must be checked against its original primary publication before model-ready use.,exclude_pending_target_review,
target_verified,A097,142,Fe24.69Co24.69Ni24.69Cr25.93,[33],65.0,secondary_review_original_sources_required,secondary_source_traceback_required,Each record must be checked against its original primary publication before model-ready use.,exclude_pending_target_review,
target_verified,A098,143,Fe25.3Co25.3Ni25.3Cr24.1,[33],100.0,secondary_review_original_sources_required,secondary_source_traceback_required,Each record must be checked against its original primary publication before model-ready use.,exclude_pending_target_review,
target_verified,A099,144,Fe25.64Co25.64Ni25.64Cr23.08,[33],131.0,secondary_review_original_sources_required,secondary_source_traceback_required,Each record must be checked against its original primary publication before model-ready use.,exclude_pending_target_review,
target_verified,A100,145,Fe25.64Co25.64Ni25.64Cr23.08,[33],148.0,secondary_review_original_sources_required,secondary_source_traceback_required,Each record must be checked against its original primary publication before model-ready use.,exclude_pending_target_review,
target_verified,A101,146,FeCoNi1.5Cr0.5Al,[33],150.0,secondary_review_original_sources_required,secondary_source_traceback_required,Each record must be checked against its original primary publication before model-ready use.,exclude_pending_target_review,
target_verified,A102,147,Fe26Co26Ni26Cr22,[33],193.0,secondary_review_original_sources_required,secondary_source_traceback_required,Each record must be checked against its original primary publication before model-ready use.,exclude_pending_target_review,
target_verified,A103,148,Fe23.53Co23.53Ni23.53Cr23.53Pd5.88,[33],210.0,secondary_review_original_sources_required,secondary_source_traceback_required,Each record must be checked against its original primary publication before model-ready use.,exclude_pending_target_review,
target_verified,A104,149,Fe25Co25Ni25(Mo0.2P0.4B0.4)25,[33],560.0,secondary_review_original_sources_required,secondary_source_traceback_required,Each record must be checked against its original primary publication before model-ready use.,exclude_pending_target_review,
target_verified,A105,150,FeCoNi0.5Cr0.5Al1.5,[33],455.0,secondary_review_original_sources_required,secondary_source_traceback_required,Each record must be checked against its original primary publication before model-ready use.,exclude_pending_target_review,
target_verified,A106,151,FeCoNi0.5Cr0.5Al,[33],685.0,secondary_review_original_sources_required,secondary_source_traceback_required,Each record must be checked against its original primary publication before model-ready use.,exclude_pending_target_review,
target_verified,A109,154,CoFeNi0.5Cr0.5-Alx (x = 0.0),[35],270.0,composition_rule_required,target_value_conflict_review_required,"The source reports multiple magnetic transitions for Al-containing compositions; the dataset's 685 K value does not match the source table's 640/905 K pair for x=1.0, and transition selection requires review.",exclude_pending_target_review,
target_verified,A110,160,CoFeNi0.5Cr0.5-Alx (x = 1.5),[35],455.0,composition_rule_required,target_value_conflict_review_required,"The source reports multiple magnetic transitions for Al-containing compositions; the dataset's 685 K value does not match the source table's 640/905 K pair for x=1.0, and transition selection requires review.",exclude_pending_target_review,
target_verified,A129,188,FeCoNiCr,[40],103.0,state_series_mapping_required,state_assignment_review_required,The source plots separate as-rolled and annealed TC series; the dataset values do not unambiguously identify which state was transcribed.,exclude_pending_target_review,
target_verified,A130,189,FeCoNiCrPd0.005,[40],102.0,state_series_mapping_required,state_assignment_review_required,The source plots separate as-rolled and annealed TC series; the dataset values do not unambiguously identify which state was transcribed.,exclude_pending_target_review,
target_verified,A131,190,FeCoNiCrPd0.03,[40],121.0,state_series_mapping_required,state_assignment_review_required,The source plots separate as-rolled and annealed TC series; the dataset values do not unambiguously identify which state was transcribed.,exclude_pending_target_review,
target_verified,A132,191,FeCoNiCrPd0.06,[40],131.0,state_series_mapping_required,state_assignment_review_required,The source plots separate as-rolled and annealed TC series; the dataset values do not unambiguously identify which state was transcribed.,exclude_pending_target_review,
target_verified,A133,192,FeCoNiCrPd0.12,[40],160.0,state_series_mapping_required,state_assignment_review_required,The source plots separate as-rolled and annealed TC series; the dataset values do not unambiguously identify which state was transcribed.,exclude_pending_target_review,
target_verified,A134,193,FeCoNiCrPd0.25,[40],220.0,state_series_mapping_required,state_assignment_review_required,The source plots separate as-rolled and annealed TC series; the dataset values do not unambiguously identify which state was transcribed.,exclude_pending_target_review,
target_verified,A135,194,FeCoNiCrPd0.50,[40],292.0,state_series_mapping_required,state_assignment_review_required,The source plots separate as-rolled and annealed TC series; the dataset values do not unambiguously identify which state was transcribed.,exclude_pending_target_review,
target_verified,A136,195,FeCoNiCrAl,[41],290.0,all_records_direct,target_semantics_review_required,"The dataset values 290 and 150 K are the source's peak magnetic-entropy-change temperatures/transition features, not uniformly established Curie temperatures.",exclude_pending_target_review,
target_verified,A137,196,FeCoNi1.5Cr0.5Al,[41],150.0,all_records_direct,target_semantics_review_required,"The dataset values 290 and 150 K are the source's peak magnetic-entropy-change temperatures/transition features, not uniformly established Curie temperatures.",exclude_pending_target_review,
process_phase_eligible,A024,29,Gd25Co25Al25Y25,[8],39.0,product_form_mapping_required,verified_as_reported,The source explicitly reports the tabulated value as a Curie or magnetic transition temperature consistent with the dataset label.,exclude_unverified_process_phase,
process_phase_eligible,A025,30,Gd25Co25Al25Y15Dy10,[8],44.0,product_form_mapping_required,verified_as_reported,The source explicitly reports the tabulated value as a Curie or magnetic transition temperature consistent with the dataset label.,exclude_unverified_process_phase,
process_phase_eligible,A026,31,Gd25Co25Al25Y15Ho10,[8],41.0,product_form_mapping_required,verified_as_reported,The source explicitly reports the tabulated value as a Curie or magnetic transition temperature consistent with the dataset label.,exclude_unverified_process_phase,
process_phase_eligible,A027,32,Gd25Co25Al25Y15Er10,[8],43.0,product_form_mapping_required,verified_as_reported,The source explicitly reports the tabulated value as a Curie or magnetic transition temperature consistent with the dataset label.,exclude_unverified_process_phase,
process_phase_eligible,A067,98,AlCrFeCoNiCu,[20],295.0,all_records_direct,target_semantics_review_required,"The dataset value 295 K is reported in the source as the maximum of -Delta S_M, not explicitly as TC; the paper separately discusses a blocking temperature near 325 K.",exclude_pending_target_review,
process_phase_eligible,A068,100,V0.85FeCoNiCu1.15,[21],297.0,all_records_direct,target_value_conflict_review_required,"The abstract reports 297 K, whereas the main text gives approximately 280 K; the same nominal composition is 329 K in reference 12.",exclude_pending_target_review,
process_phase_eligible,A089,134,(Gd36Tb20Co20Al24)99Fe1,[33],94.0,secondary_review_original_sources_required,secondary_source_traceback_required,Each record must be checked against its original primary publication before model-ready use.,exclude_pending_target_review,
process_phase_eligible,A090,135,Gd18Ho22Tm20Cu22Al18,[33],33.6,secondary_review_original_sources_required,secondary_source_traceback_required,Each record must be checked against its original primary publication before model-ready use.,exclude_pending_target_review,
process_phase_eligible,A091,136,Gd36Tb20Co20Al24,[33],81.0,secondary_review_original_sources_required,secondary_source_traceback_required,Each record must be checked against its original primary publication before model-ready use.,exclude_pending_target_review,
process_phase_eligible,A092,137,Gd19Tb19Er18Fe19Al25,[33],97.0,secondary_review_original_sources_required,secondary_source_traceback_required,Each record must be checked against its original primary publication before model-ready use.,exclude_pending_target_review,
process_phase_eligible,A093,138,(Gd36Tb20Co20Al24)98Fe2,[33],100.0,secondary_review_original_sources_required,secondary_source_traceback_required,Each record must be checked against its original primary publication before model-ready use.,exclude_pending_target_review,
process_phase_eligible,A094,139,Fe24.1Co24.1Ni24.1Cr27.7,[33],36.0,secondary_review_original_sources_required,secondary_source_traceback_required,Each record must be checked against its original primary publication before model-ready use.,exclude_pending_target_review,
process_phase_eligible,A095,140,Fe24.39Co24.39Ni24.39Cr26.83,[33],48.0,secondary_review_original_sources_required,secondary_source_traceback_required,Each record must be checked against its original primary publication before model-ready use.,exclude_pending_target_review,
process_phase_eligible,A096,141,FeCoNiCr,[33],171.0,secondary_review_original_sources_required,secondary_source_traceback_required,Each record must be checked against its original primary publication before model-ready use.,exclude_pending_target_review,
process_phase_eligible,A097,142,Fe24.69Co24.69Ni24.69Cr25.93,[33],65.0,secondary_review_original_sources_required,secondary_source_traceback_required,Each record must be checked against its original primary publication before model-ready use.,exclude_pending_target_review,
process_phase_eligible,A098,143,Fe25.3Co25.3Ni25.3Cr24.1,[33],100.0,secondary_review_original_sources_required,secondary_source_traceback_required,Each record must be checked against its original primary publication before model-ready use.,exclude_pending_target_review,
process_phase_eligible,A099,144,Fe25.64Co25.64Ni25.64Cr23.08,[33],131.0,secondary_review_original_sources_required,secondary_source_traceback_required,Each record must be checked against its original primary publication before model-ready use.,exclude_pending_target_review,
process_phase_eligible,A100,145,Fe25.64Co25.64Ni25.64Cr23.08,[33],148.0,secondary_review_original_sources_required,secondary_source_traceback_required,Each record must be checked against its original primary publication before model-ready use.,exclude_pending_target_review,
process_phase_eligible,A101,146,FeCoNi1.5Cr0.5Al,[33],150.0,secondary_review_original_sources_required,secondary_source_traceback_required,Each record must be checked against its original primary publication before model-ready use.,exclude_pending_target_review,
process_phase_eligible,A102,147,Fe26Co26Ni26Cr22,[33],193.0,secondary_review_original_sources_required,secondary_source_traceback_required,Each record must be checked against its original primary publication before model-ready use.,exclude_pending_target_review,
process_phase_eligible,A103,148,Fe23.53Co23.53Ni23.53Cr23.53Pd5.88,[33],210.0,secondary_review_original_sources_required,secondary_source_traceback_required,Each record must be checked against its original primary publication before model-ready use.,exclude_pending_target_review,
process_phase_eligible,A104,149,Fe25Co25Ni25(Mo0.2P0.4B0.4)25,[33],560.0,secondary_review_original_sources_required,secondary_source_traceback_required,Each record must be checked against its original primary publication before model-ready use.,exclude_pending_target_review,
process_phase_eligible,A105,150,FeCoNi0.5Cr0.5Al1.5,[33],455.0,secondary_review_original_sources_required,secondary_source_traceback_required,Each record must be checked against its original primary publication before model-ready use.,exclude_pending_target_review,
process_phase_eligible,A106,151,FeCoNi0.5Cr0.5Al,[33],685.0,secondary_review_original_sources_required,secondary_source_traceback_required,Each record must be checked against its original primary publication before model-ready use.,exclude_pending_target_review,
process_phase_eligible,A109,154,CoFeNi0.5Cr0.5-Alx (x = 0.0),[35],270.0,composition_rule_required,target_value_conflict_review_required,"The source reports multiple magnetic transitions for Al-containing compositions; the dataset's 685 K value does not match the source table's 640/905 K pair for x=1.0, and transition selection requires review.",exclude_pending_target_review,
process_phase_eligible,A110,160,CoFeNi0.5Cr0.5-Alx (x = 1.5),[35],455.0,composition_rule_required,target_value_conflict_review_required,"The source reports multiple magnetic transitions for Al-containing compositions; the dataset's 685 K value does not match the source table's 640/905 K pair for x=1.0, and transition selection requires review.",exclude_pending_target_review,
process_phase_eligible,A129,188,FeCoNiCr,[40],103.0,state_series_mapping_required,state_assignment_review_required,The source plots separate as-rolled and annealed TC series; the dataset values do not unambiguously identify which state was transcribed.,exclude_pending_target_review,
process_phase_eligible,A130,189,FeCoNiCrPd0.005,[40],102.0,state_series_mapping_required,state_assignment_review_required,The source plots separate as-rolled and annealed TC series; the dataset values do not unambiguously identify which state was transcribed.,exclude_pending_target_review,
process_phase_eligible,A131,190,FeCoNiCrPd0.03,[40],121.0,state_series_mapping_required,state_assignment_review_required,The source plots separate as-rolled and annealed TC series; the dataset values do not unambiguously identify which state was transcribed.,exclude_pending_target_review,
process_phase_eligible,A132,191,FeCoNiCrPd0.06,[40],131.0,state_series_mapping_required,state_assignment_review_required,The source plots separate as-rolled and annealed TC series; the dataset values do not unambiguously identify which state was transcribed.,exclude_pending_target_review,
process_phase_eligible,A133,192,FeCoNiCrPd0.12,[40],160.0,state_series_mapping_required,state_assignment_review_required,The source plots separate as-rolled and annealed TC series; the dataset values do not unambiguously identify which state was transcribed.,exclude_pending_target_review,
process_phase_eligible,A134,193,FeCoNiCrPd0.25,[40],220.0,state_series_mapping_required,state_assignment_review_required,The source plots separate as-rolled and annealed TC series; the dataset values do not unambiguously identify which state was transcribed.,exclude_pending_target_review,
process_phase_eligible,A135,194,FeCoNiCrPd0.50,[40],292.0,state_series_mapping_required,state_assignment_review_required,The source plots separate as-rolled and annealed TC series; the dataset values do not unambiguously identify which state was transcribed.,exclude_pending_target_review,
process_phase_eligible,A136,195,FeCoNiCrAl,[41],290.0,all_records_direct,target_semantics_review_required,"The dataset values 290 and 150 K are the source's peak magnetic-entropy-change temperatures/transition features, not uniformly established Curie temperatures.",exclude_pending_target_review,
process_phase_eligible,A137,196,FeCoNi1.5Cr0.5Al,[41],150.0,all_records_direct,target_semantics_review_required,"The dataset values 290 and 150 K are the source's peak magnetic-entropy-change temperatures/transition features, not uniformly established Curie temperatures.",exclude_pending_target_review,
process_phase_eligible,A138,197,AlxCr0.2MnFe0.5Co0.3Ni0.5(x=0.3),[42],380.0,figure_transcription_required,verified_as_reported,The source explicitly reports the tabulated value as a Curie or magnetic transition temperature consistent with the dataset label.,exclude_unverified_process_phase,
process_phase_eligible,A139,198,AlxCr0.2MnFe0.5Co0.3Ni0.5(x=0.35),[42],378.0,figure_transcription_required,verified_as_reported,The source explicitly reports the tabulated value as a Curie or magnetic transition temperature consistent with the dataset label.,exclude_unverified_process_phase,
process_phase_eligible,A140,199,AlxCr0.2MnFe0.5Co0.3Ni0.5(x=0.6),[42],385.0,figure_transcription_required,verified_as_reported,The source explicitly reports the tabulated value as a Curie or magnetic transition temperature consistent with the dataset label.,exclude_unverified_process_phase,
process_phase_eligible,A141,200,AlxCr0.2MnFe0.5Co0.3Ni0.5(x=0.65),[42],370.0,figure_transcription_required,verified_as_reported,The source explicitly reports the tabulated value as a Curie or magnetic transition temperature consistent with the dataset label.,exclude_unverified_process_phase,
