source_row,reference_id,y_true_TC,composition_prediction_K,composition_absolute_error_K,combined_prediction_K,combined_absolute_error_K,absolute_error_difference_K
10,[3],55.0,87.92019099924691,32.92019099924691,72.16227918422929,17.16227918422929,-15.757911815017621
11,[3],39.0,77.25351136278817,38.253511362788174,61.007150496316775,22.007150496316772,-16.246360866471402
12,[3],25.0,76.18808890036452,51.18808890036452,57.87733745852477,32.877337458524764,-18.310751441839756
14,[4],127.0,139.4278772934021,12.427877293402103,142.81647320677712,15.816473206777118,3.388595913375015
15,[4],120.0,140.52081837453315,20.52081837453315,137.48906675585675,17.489066755856754,-3.0317516186763953
33,[9],51.0,110.03492478842487,59.03492478842489,17.19297872334899,33.807021276651014,-25.227903511773874
34,[9],49.0,110.03492478842487,61.03492478842489,6.57476279105996,42.42523720894004,-18.60968757948485
35,[9],47.0,110.03492478842487,63.03492478842489,5.67542594357089,41.32457405642912,-21.710350731995767
37,[10],44.0,45.37365326573107,1.3736532657310718,49.605151327378806,5.605151327378806,4.231498061647734
39,[10],44.0,54.2298092164497,10.229809216449702,37.34909577278808,6.6509042272119245,-3.5789049892377776
41,[10],44.0,54.2298092164497,10.229809216449702,37.34909577278808,6.6509042272119245,-3.5789049892377776
43,[10],44.0,54.2298092164497,10.229809216449702,35.93493696852043,8.065063031479568,-2.1647461849701344
45,[11],98.0,36.9644874276946,61.0355125723054,18.40381521330825,79.59618478669175,18.56067221438635
46,[11],102.0,36.9644874276946,65.03551257230541,18.40381521330825,83.59618478669175,18.560672214386344
53,[11],99.0,36.9644874276946,62.0355125723054,18.40381521330825,80.59618478669175,18.56067221438635
57,[12],329.0,215.28828145301063,113.71171854698936,230.59954536311105,98.40045463688898,-15.31126391010038
60,[13],271.0,328.55074899610247,57.55074899610247,309.32759274365685,38.32759274365685,-19.22315625244562
61,[13],224.0,328.55074899610247,104.55074899610248,309.32759274365685,85.32759274365685,-19.223156252445634
62,[13],232.0,328.55074899610247,96.55074899610248,309.32759274365685,77.32759274365685,-19.223156252445634
63,[13],235.0,328.55074899610247,93.55074899610248,309.32759274365685,74.32759274365685,-19.223156252445634
64,[13],327.6,335.88797015961364,8.287970159613621,311.6094965255992,15.99050347440084,7.702533314787219
65,[13],308.8,328.55074899610247,19.75074899610246,309.32759274365685,0.5275927436568395,-19.22315625244562
66,[13],271.3,328.55074899610247,57.25074899610246,309.32759274365685,38.02759274365684,-19.22315625244562
67,[13],295.5,328.55074899610247,33.05074899610247,309.32759274365685,13.82759274365685,-19.22315625244562
80,[15],395.0,279.1604298594062,115.83957014059382,319.2533957269746,75.74660427302541,-40.09296586756841
81,[15],321.0,279.1604298594062,41.83957014059382,319.2533957269746,1.7466042730254117,-40.09296586756841
82,[15],297.0,279.1604298594062,17.83957014059382,319.2533957269746,22.25339572697459,4.413825586380767
83,[15],279.0,279.1604298594062,0.1604298594061788,319.2533957269746,40.25339572697459,40.09296586756841
84,[15],264.0,279.1604298594062,15.16042985940618,319.2533957269746,55.25339572697459,40.09296586756841
85,[15],299.0,279.1604298594062,19.83957014059382,319.2533957269746,20.25339572697459,0.41382558638076716
86,[15],292.0,279.1604298594062,12.83957014059382,319.2533957269746,27.25339572697459,14.413825586380769
90,[17],651.0,120.28542190914366,530.7145780908563,129.86079622892012,521.1392037710799,-9.575374319776415
91,[17],741.0,366.1303905974291,374.8696094025709,390.4371679624973,350.5628320375027,-24.30677736506823
92,[17],696.0,287.26449213207536,408.73550786792464,331.834369092242,364.1656309077581,-44.56987696016654
93,[18],113.0,545.8356248383957,432.8356248383957,634.8886774596815,521.8886774596815,89.05305262128581
94,[18],120.0,394.416421784722,274.416421784722,341.95547190444165,221.95547190444165,-52.46094988028034
95,[18],110.0,384.9972017479141,274.9972017479141,329.87946312859185,219.87946312859185,-55.11773861932227
96,[18],223.0,392.1683157052536,169.16831570525358,339.77816419350165,116.77816419350164,-52.39015151175194
102,[22],35.0,110.45513956100044,75.45513956100045,119.25812682966968,84.25812682966968,8.802987268669227
103,[22],40.0,83.07406621591808,43.07406621591808,123.5037823888346,83.5037823888346,40.429716172916514
106,[23],120.0,128.00726350290572,8.007263502905715,138.9446943075718,18.944694307571808,10.937430804666093
111,[25],219.0,377.4334248457381,158.4334248457381,368.1534460523915,149.15344605239147,-9.27997879334663
112,[25],285.0,415.65683030622233,130.65683030622233,374.0510167387318,89.05101673873179,-41.60581356749054
113,[25],247.0,377.4334248457381,130.4334248457381,368.1534460523915,121.15344605239147,-9.27997879334663
114,[26],412.0,349.3957415469504,62.60425845304962,387.8067942859655,24.193205714034548,-38.41105273901507
118,[27],560.0,349.9764468740348,210.02355312596524,329.2332004477561,230.76679955224392,20.743246426278688
125,[29],322.0,438.627535348284,116.62753534828404,390.7432087370634,68.74320873706347,-47.88432661122057
126,[29],334.0,438.627535348284,104.62753534828404,390.7432087370634,56.74320873706347,-47.88432661122057
127,[30],340.0,400.46876817313847,60.46876817313847,419.9865449685786,79.98654496857858,19.517776795440113
128,[31],137.0,233.25608277027385,96.25608277027384,337.41481184329183,200.41481184329183,104.158729073018
133,[32],321.0,256.9826649897028,64.01733501029719,314.063475021817,6.936524978183002,-57.08081003211419
152,[34],442.0,304.4219782022003,137.5780217977997,302.1975172133904,139.80248278660963,2.2244609888099376
153,[34],462.0,304.4219782022003,157.5780217977997,302.1975172133904,159.80248278660963,2.2244609888099376
163,[36],268.0,270.4612839341737,2.461283934173707,293.15900296539814,25.159002965398145,22.697719031224437
164,[36],268.0,270.4612839341737,2.461283934173707,293.15900296539814,25.159002965398145,22.697719031224437
165,[36],280.0,270.4612839341737,9.538716065826293,293.15900296539814,13.159002965398145,3.620286899571852
166,[36],280.0,270.4612839341737,9.538716065826293,293.15900296539814,13.159002965398145,3.620286899571852
167,[36],300.0,270.4612839341737,29.538716065826293,293.15900296539814,6.840997034601855,-22.697719031224437
168,[36],300.0,270.4612839341737,29.538716065826293,293.15900296539814,6.840997034601855,-22.697719031224437
169,[36],310.0,270.4612839341737,39.53871606582629,293.15900296539814,16.840997034601855,-22.697719031224437
170,[36],310.0,270.4612839341737,39.53871606582629,293.15900296539814,16.840997034601855,-22.697719031224437
171,[37],361.0,338.17621147787395,22.82378852212605,349.0267950694723,11.973204930527686,-10.850583591598365
172,[37],361.0,338.17621147787395,22.82378852212605,349.0267950694723,11.973204930527686,-10.850583591598365
175,[37],387.0,401.5860432945926,14.586043294592628,391.97851827957487,4.978518279574871,-9.607525015017757
176,[37],387.0,401.5860432945926,14.586043294592628,391.97851827957487,4.978518279574871,-9.607525015017757
179,[38],282.8,276.3089135011939,6.491086498806112,284.2133361426248,1.4133361426247577,-5.077750356181355
181,[38],313.7,280.4556216278937,33.24437837210627,282.4607601689732,31.239239831026797,-2.0051385410794715
183,[38],345.8,280.4556216278937,65.34437837210629,282.4607601689732,63.339239831026816,-2.005138541079475
185,[39],15.0,95.0421617941824,80.0421617941824,123.0112453558506,108.0112453558506,27.9690835616682
186,[39],10.0,77.74352398254085,67.74352398254085,123.0112453558506,113.0112453558506,45.267721373309755
187,[39],22.0,77.74352398254085,55.74352398254085,122.75375423773734,100.75375423773734,45.01023025519649
