feature_set,fold,train_references,test_references
composition_only,1,[10];[11];[12];[13];[15];[17];[18];[22];[23];[25];[26];[27];[29];[30];[31];[32];[34];[37];[38];[39];[3];[4];[9],[36]
composition_only,2,[10];[11];[12];[13];[15];[17];[23];[25];[26];[27];[29];[31];[32];[34];[36];[37];[38];[39];[3];[4];[9],[18];[22];[30]
composition_only,3,[10];[11];[12];[13];[15];[17];[18];[22];[23];[26];[27];[29];[30];[31];[32];[34];[36];[38];[39];[3];[4];[9],[25];[37]
composition_only,4,[10];[11];[12];[15];[17];[18];[22];[23];[25];[26];[27];[29];[30];[31];[32];[34];[36];[37];[38];[39];[3];[4];[9],[13]
composition_only,5,[11];[12];[13];[15];[17];[18];[22];[23];[25];[26];[27];[29];[30];[31];[32];[34];[36];[37];[39];[3];[4];[9],[10];[38]
composition_only,6,[10];[11];[12];[13];[17];[18];[22];[23];[25];[26];[27];[29];[30];[31];[32];[34];[36];[37];[38];[39];[3];[4];[9],[15]
composition_only,7,[10];[13];[15];[18];[22];[23];[25];[26];[27];[29];[30];[31];[32];[34];[36];[37];[38];[39];[3];[4];[9],[11];[12];[17]
composition_only,8,[10];[11];[12];[13];[15];[17];[18];[22];[23];[25];[26];[29];[30];[31];[34];[36];[37];[38];[39];[9],[27];[32];[3];[4]
composition_only,9,[10];[11];[12];[13];[15];[17];[18];[22];[25];[26];[27];[29];[30];[31];[32];[36];[37];[38];[3];[4];[9],[23];[34];[39]
composition_only,10,[10];[11];[12];[13];[15];[17];[18];[22];[23];[25];[27];[30];[32];[34];[36];[37];[38];[39];[3];[4],[26];[29];[31];[9]
