model,source_row,reference_id,target,prediction
Logistic,10,[3],0,0
Logistic,11,[3],0,0
Logistic,12,[3],0,0
Logistic,14,[4],0,1
Logistic,15,[4],0,1
Logistic,29,[8],0,0
Logistic,30,[8],0,0
Logistic,31,[8],0,0
Logistic,32,[8],0,0
Logistic,33,[9],0,0
Logistic,34,[9],0,0
Logistic,35,[9],0,0
Logistic,37,[10],0,0
Logistic,39,[10],0,0
Logistic,41,[10],0,0
Logistic,43,[10],0,0
Logistic,45,[11],0,0
Logistic,46,[11],0,0
Logistic,53,[11],0,0
Logistic,57,[12],1,1
Logistic,60,[13],1,0
Logistic,61,[13],0,0
Logistic,62,[13],0,0
Logistic,63,[13],0,0
Logistic,64,[13],1,0
Logistic,65,[13],1,0
Logistic,66,[13],1,0
Logistic,67,[13],1,0
Logistic,80,[15],0,1
Logistic,81,[15],1,1
Logistic,82,[15],1,1
Logistic,83,[15],1,1
Logistic,84,[15],1,1
Logistic,85,[15],1,1
Logistic,86,[15],1,1
Logistic,90,[17],0,1
Logistic,91,[17],0,1
Logistic,92,[17],0,1
Logistic,93,[18],0,1
Logistic,94,[18],0,1
Logistic,95,[18],0,1
Logistic,96,[18],0,1
Logistic,102,[22],0,0
Logistic,103,[22],0,0
Logistic,106,[23],0,1
Logistic,111,[25],0,0
Logistic,112,[25],1,0
Logistic,113,[25],0,0
Logistic,114,[26],0,0
Logistic,118,[27],0,0
Logistic,125,[29],1,1
Logistic,126,[29],1,1
Logistic,127,[30],1,1
Logistic,128,[31],0,0
Logistic,133,[32],1,1
Logistic,152,[34],0,1
Logistic,153,[34],0,1
Logistic,163,[36],1,1
Logistic,164,[36],1,1
Logistic,165,[36],1,1
Logistic,166,[36],1,1
Logistic,167,[36],1,1
Logistic,168,[36],1,1
Logistic,169,[36],1,1
Logistic,170,[36],1,1
Logistic,171,[37],0,0
Logistic,172,[37],0,0
Logistic,175,[37],0,0
Logistic,176,[37],0,0
Logistic,179,[38],1,1
Logistic,181,[38],1,1
Logistic,183,[38],1,1
Logistic,185,[39],0,0
Logistic,186,[39],0,0
Logistic,187,[39],0,0
Logistic,197,[42],0,1
Logistic,198,[42],0,1
Logistic,199,[42],0,1
Logistic,200,[42],0,1
SVC,10,[3],0,0
SVC,11,[3],0,0
SVC,12,[3],0,0
SVC,14,[4],0,0
SVC,15,[4],0,0
SVC,29,[8],0,0
SVC,30,[8],0,0
SVC,31,[8],0,0
SVC,32,[8],0,0
SVC,33,[9],0,0
SVC,34,[9],0,0
SVC,35,[9],0,0
SVC,37,[10],0,0
SVC,39,[10],0,0
SVC,41,[10],0,0
SVC,43,[10],0,0
SVC,45,[11],0,0
SVC,46,[11],0,0
SVC,53,[11],0,0
SVC,57,[12],1,1
SVC,60,[13],1,0
SVC,61,[13],0,0
SVC,62,[13],0,0
SVC,63,[13],0,0
SVC,64,[13],1,0
SVC,65,[13],1,0
SVC,66,[13],1,0
SVC,67,[13],1,0
SVC,80,[15],0,0
SVC,81,[15],1,0
SVC,82,[15],1,0
SVC,83,[15],1,0
SVC,84,[15],1,0
SVC,85,[15],1,0
SVC,86,[15],1,0
SVC,90,[17],0,0
SVC,91,[17],0,1
SVC,92,[17],0,1
SVC,93,[18],0,0
SVC,94,[18],0,1
SVC,95,[18],0,1
SVC,96,[18],0,1
SVC,102,[22],0,0
SVC,103,[22],0,0
SVC,106,[23],0,0
SVC,111,[25],0,0
SVC,112,[25],1,0
SVC,113,[25],0,0
SVC,114,[26],0,0
SVC,118,[27],0,0
SVC,125,[29],1,1
SVC,126,[29],1,1
SVC,127,[30],1,0
SVC,128,[31],0,1
SVC,133,[32],1,1
SVC,152,[34],0,1
SVC,153,[34],0,1
SVC,163,[36],1,1
SVC,164,[36],1,1
SVC,165,[36],1,1
SVC,166,[36],1,1
SVC,167,[36],1,1
SVC,168,[36],1,1
SVC,169,[36],1,1
SVC,170,[36],1,1
SVC,171,[37],0,1
SVC,172,[37],0,1
SVC,175,[37],0,1
SVC,176,[37],0,1
SVC,179,[38],1,1
SVC,181,[38],1,1
SVC,183,[38],1,1
SVC,185,[39],0,0
SVC,186,[39],0,0
SVC,187,[39],0,0
SVC,197,[42],0,1
SVC,198,[42],0,1
SVC,199,[42],0,1
SVC,200,[42],0,1
RandomForest,10,[3],0,0
RandomForest,11,[3],0,0
RandomForest,12,[3],0,0
RandomForest,14,[4],0,0
RandomForest,15,[4],0,0
RandomForest,29,[8],0,0
RandomForest,30,[8],0,0
RandomForest,31,[8],0,0
RandomForest,32,[8],0,0
RandomForest,33,[9],0,0
RandomForest,34,[9],0,0
RandomForest,35,[9],0,0
RandomForest,37,[10],0,0
RandomForest,39,[10],0,0
RandomForest,41,[10],0,0
RandomForest,43,[10],0,0
RandomForest,45,[11],0,0
RandomForest,46,[11],0,0
RandomForest,53,[11],0,0
RandomForest,57,[12],1,0
RandomForest,60,[13],1,0
RandomForest,61,[13],0,0
RandomForest,62,[13],0,0
RandomForest,63,[13],0,0
RandomForest,64,[13],1,0
RandomForest,65,[13],1,0
RandomForest,66,[13],1,0
RandomForest,67,[13],1,0
RandomForest,80,[15],0,0
RandomForest,81,[15],1,0
RandomForest,82,[15],1,0
RandomForest,83,[15],1,0
RandomForest,84,[15],1,0
RandomForest,85,[15],1,0
RandomForest,86,[15],1,0
RandomForest,90,[17],0,0
RandomForest,91,[17],0,0
RandomForest,92,[17],0,0
RandomForest,93,[18],0,0
RandomForest,94,[18],0,1
RandomForest,95,[18],0,0
RandomForest,96,[18],0,0
RandomForest,102,[22],0,0
RandomForest,103,[22],0,0
RandomForest,106,[23],0,0
RandomForest,111,[25],0,0
RandomForest,112,[25],1,0
RandomForest,113,[25],0,0
RandomForest,114,[26],0,0
RandomForest,118,[27],0,1
RandomForest,125,[29],1,0
RandomForest,126,[29],1,0
RandomForest,127,[30],1,0
RandomForest,128,[31],0,1
RandomForest,133,[32],1,0
RandomForest,152,[34],0,1
RandomForest,153,[34],0,1
RandomForest,163,[36],1,1
RandomForest,164,[36],1,1
RandomForest,165,[36],1,1
RandomForest,166,[36],1,1
RandomForest,167,[36],1,1
RandomForest,168,[36],1,1
RandomForest,169,[36],1,1
RandomForest,170,[36],1,1
RandomForest,171,[37],0,0
RandomForest,172,[37],0,0
RandomForest,175,[37],0,0
RandomForest,176,[37],0,0
RandomForest,179,[38],1,1
RandomForest,181,[38],1,1
RandomForest,183,[38],1,1
RandomForest,185,[39],0,0
RandomForest,186,[39],0,0
RandomForest,187,[39],0,0
RandomForest,197,[42],0,1
RandomForest,198,[42],0,1
RandomForest,199,[42],0,1
RandomForest,200,[42],0,1
GradientBoosting,10,[3],0,0
GradientBoosting,11,[3],0,0
GradientBoosting,12,[3],0,0
GradientBoosting,14,[4],0,1
GradientBoosting,15,[4],0,0
GradientBoosting,29,[8],0,0
GradientBoosting,30,[8],0,0
GradientBoosting,31,[8],0,0
GradientBoosting,32,[8],0,0
GradientBoosting,33,[9],0,0
GradientBoosting,34,[9],0,0
GradientBoosting,35,[9],0,0
GradientBoosting,37,[10],0,0
GradientBoosting,39,[10],0,0
GradientBoosting,41,[10],0,0
GradientBoosting,43,[10],0,0
GradientBoosting,45,[11],0,0
GradientBoosting,46,[11],0,0
GradientBoosting,53,[11],0,0
GradientBoosting,57,[12],1,0
GradientBoosting,60,[13],1,0
GradientBoosting,61,[13],0,0
GradientBoosting,62,[13],0,1
GradientBoosting,63,[13],0,1
GradientBoosting,64,[13],1,0
GradientBoosting,65,[13],1,0
GradientBoosting,66,[13],1,0
GradientBoosting,67,[13],1,0
GradientBoosting,80,[15],0,0
GradientBoosting,81,[15],1,0
GradientBoosting,82,[15],1,0
GradientBoosting,83,[15],1,0
GradientBoosting,84,[15],1,0
GradientBoosting,85,[15],1,0
GradientBoosting,86,[15],1,0
GradientBoosting,90,[17],0,0
GradientBoosting,91,[17],0,0
GradientBoosting,92,[17],0,0
GradientBoosting,93,[18],0,0
GradientBoosting,94,[18],0,1
GradientBoosting,95,[18],0,1
GradientBoosting,96,[18],0,1
GradientBoosting,102,[22],0,0
GradientBoosting,103,[22],0,0
GradientBoosting,106,[23],0,0
GradientBoosting,111,[25],0,0
GradientBoosting,112,[25],1,0
GradientBoosting,113,[25],0,0
GradientBoosting,114,[26],0,0
GradientBoosting,118,[27],0,1
GradientBoosting,125,[29],1,0
GradientBoosting,126,[29],1,0
GradientBoosting,127,[30],1,0
GradientBoosting,128,[31],0,1
GradientBoosting,133,[32],1,0
GradientBoosting,152,[34],0,1
GradientBoosting,153,[34],0,1
GradientBoosting,163,[36],1,0
GradientBoosting,164,[36],1,0
GradientBoosting,165,[36],1,0
GradientBoosting,166,[36],1,0
GradientBoosting,167,[36],1,0
GradientBoosting,168,[36],1,0
GradientBoosting,169,[36],1,0
GradientBoosting,170,[36],1,0
GradientBoosting,171,[37],0,1
GradientBoosting,172,[37],0,1
GradientBoosting,175,[37],0,1
GradientBoosting,176,[37],0,1
GradientBoosting,179,[38],1,1
GradientBoosting,181,[38],1,1
GradientBoosting,183,[38],1,1
GradientBoosting,185,[39],0,0
GradientBoosting,186,[39],0,0
GradientBoosting,187,[39],0,0
GradientBoosting,197,[42],0,1
GradientBoosting,198,[42],0,1
GradientBoosting,199,[42],0,1
GradientBoosting,200,[42],0,1
LightGBM,10,[3],0,0
LightGBM,11,[3],0,0
LightGBM,12,[3],0,0
LightGBM,14,[4],0,0
LightGBM,15,[4],0,0
LightGBM,29,[8],0,0
LightGBM,30,[8],0,0
LightGBM,31,[8],0,0
LightGBM,32,[8],0,0
LightGBM,33,[9],0,0
LightGBM,34,[9],0,0
LightGBM,35,[9],0,0
LightGBM,37,[10],0,0
LightGBM,39,[10],0,0
LightGBM,41,[10],0,0
LightGBM,43,[10],0,0
LightGBM,45,[11],0,0
LightGBM,46,[11],0,0
LightGBM,53,[11],0,0
LightGBM,57,[12],1,0
LightGBM,60,[13],1,0
LightGBM,61,[13],0,0
LightGBM,62,[13],0,0
LightGBM,63,[13],0,0
LightGBM,64,[13],1,0
LightGBM,65,[13],1,0
LightGBM,66,[13],1,0
LightGBM,67,[13],1,0
LightGBM,80,[15],0,0
LightGBM,81,[15],1,0
LightGBM,82,[15],1,0
LightGBM,83,[15],1,0
LightGBM,84,[15],1,0
LightGBM,85,[15],1,0
LightGBM,86,[15],1,0
LightGBM,90,[17],0,0
LightGBM,91,[17],0,1
LightGBM,92,[17],0,0
LightGBM,93,[18],0,0
LightGBM,94,[18],0,1
LightGBM,95,[18],0,1
LightGBM,96,[18],0,1
LightGBM,102,[22],0,0
LightGBM,103,[22],0,0
LightGBM,106,[23],0,1
LightGBM,111,[25],0,0
LightGBM,112,[25],1,0
LightGBM,113,[25],0,0
LightGBM,114,[26],0,0
LightGBM,118,[27],0,1
LightGBM,125,[29],1,0
LightGBM,126,[29],1,0
LightGBM,127,[30],1,0
LightGBM,128,[31],0,0
LightGBM,133,[32],1,0
LightGBM,152,[34],0,1
LightGBM,153,[34],0,1
LightGBM,163,[36],1,1
LightGBM,164,[36],1,1
LightGBM,165,[36],1,1
LightGBM,166,[36],1,1
LightGBM,167,[36],1,1
LightGBM,168,[36],1,1
LightGBM,169,[36],1,1
LightGBM,170,[36],1,1
LightGBM,171,[37],0,0
LightGBM,172,[37],0,0
LightGBM,175,[37],0,0
LightGBM,176,[37],0,0
LightGBM,179,[38],1,1
LightGBM,181,[38],1,1
LightGBM,183,[38],1,1
LightGBM,185,[39],0,0
LightGBM,186,[39],0,0
LightGBM,187,[39],0,0
LightGBM,197,[42],0,1
LightGBM,198,[42],0,1
LightGBM,199,[42],0,1
LightGBM,200,[42],0,1
