model,fold,n_test,tp,tn,fp,fn,precision,recall,specificity,balanced_accuracy,f1,mcc,enrichment
Logistic,1,12,8,3,1,0,0.8888888888888888,1.0,0.75,0.875,0.9411764705882353,0.816496580927726,1.3333333333333333
Logistic,2,12,0,7,0,5,0.0,0.0,1.0,0.5,0.0,0.0,
Logistic,3,6,1,5,0,0,1.0,1.0,1.0,1.0,1.0,1.0,6.0
Logistic,4,10,6,3,1,0,0.8571428571428571,1.0,0.75,0.875,0.923076923076923,0.8017837257372732,1.4285714285714286
Logistic,5,7,2,1,4,0,0.3333333333333333,1.0,0.2,0.6,0.5,0.2581988897471611,1.1666666666666667
Logistic,6,7,0,6,0,1,0.0,0.0,1.0,0.5,0.0,0.0,
Logistic,7,6,1,1,4,0,0.2,1.0,0.2,0.6,0.33333333333333337,0.2,1.2000000000000002
Logistic,8,8,3,5,0,0,1.0,1.0,1.0,1.0,1.0,1.0,2.6666666666666665
Logistic,9,6,1,0,5,0,0.16666666666666666,1.0,0.0,0.5,0.2857142857142857,0.0,1.0
Logistic,10,5,0,3,2,0,0.0,,0.6,,,0.0,
SVC,1,12,8,4,0,0,1.0,1.0,1.0,1.0,1.0,1.0,1.5
SVC,2,12,0,7,0,5,0.0,0.0,1.0,0.5,0.0,0.0,
SVC,3,6,1,5,0,0,1.0,1.0,1.0,1.0,1.0,1.0,6.0
SVC,4,10,0,4,0,6,0.0,0.0,1.0,0.5,0.0,0.0,
SVC,5,7,2,0,5,0,0.2857142857142857,1.0,0.0,0.5,0.4444444444444445,0.0,1.0
SVC,6,7,0,2,4,1,0.0,0.0,0.3333333333333333,0.16666666666666666,0.0,-0.47140452079103173,0.0
SVC,7,6,0,2,3,1,0.0,0.0,0.4,0.2,0.0,-0.4472135954999579,0.0
SVC,8,8,3,5,0,0,1.0,1.0,1.0,1.0,1.0,1.0,2.6666666666666665
SVC,9,6,1,1,4,0,0.2,1.0,0.2,0.6,0.33333333333333337,0.2,1.2000000000000002
SVC,10,5,0,5,0,0,0.0,,1.0,,,0.0,
RandomForest,1,12,8,4,0,0,1.0,1.0,1.0,1.0,1.0,1.0,1.5
RandomForest,2,12,0,7,0,5,0.0,0.0,1.0,0.5,0.0,0.0,
RandomForest,3,6,0,4,1,1,0.0,0.0,0.8,0.4,0.0,-0.2,0.0
RandomForest,4,10,0,4,0,6,0.0,0.0,1.0,0.5,0.0,0.0,
RandomForest,5,7,0,0,5,2,0.0,0.0,0.0,0.0,0.0,-1.0,0.0
RandomForest,6,7,0,6,0,1,0.0,0.0,1.0,0.5,0.0,0.0,
RandomForest,7,6,0,4,1,1,0.0,0.0,0.8,0.4,0.0,-0.2,0.0
RandomForest,8,8,3,5,0,0,1.0,1.0,1.0,1.0,1.0,1.0,2.6666666666666665
RandomForest,9,6,0,3,2,1,0.0,0.0,0.6,0.3,0.0,-0.31622776601683794,0.0
RandomForest,10,5,0,5,0,0,0.0,,1.0,,,0.0,
GradientBoosting,1,12,0,4,0,8,0.0,0.0,1.0,0.5,0.0,0.0,
GradientBoosting,2,12,0,5,2,5,0.0,0.0,0.7142857142857143,0.35714285714285715,0.0,-0.37796447300922725,0.0
GradientBoosting,3,6,0,4,1,1,0.0,0.0,0.8,0.4,0.0,-0.2,0.0
GradientBoosting,4,10,0,4,0,6,0.0,0.0,1.0,0.5,0.0,0.0,
GradientBoosting,5,7,0,0,5,2,0.0,0.0,0.0,0.0,0.0,-1.0,0.0
GradientBoosting,6,7,0,2,4,1,0.0,0.0,0.3333333333333333,0.16666666666666666,0.0,-0.47140452079103173,0.0
GradientBoosting,7,6,0,2,3,1,0.0,0.0,0.4,0.2,0.0,-0.4472135954999579,0.0
GradientBoosting,8,8,3,5,0,0,1.0,1.0,1.0,1.0,1.0,1.0,2.6666666666666665
GradientBoosting,9,6,0,3,2,1,0.0,0.0,0.6,0.3,0.0,-0.31622776601683794,0.0
GradientBoosting,10,5,0,4,1,0,0.0,,0.8,,,0.0,
LightGBM,1,12,8,3,1,0,0.8888888888888888,1.0,0.75,0.875,0.9411764705882353,0.816496580927726,1.3333333333333333
LightGBM,2,12,0,7,0,5,0.0,0.0,1.0,0.5,0.0,0.0,
LightGBM,3,6,0,4,1,1,0.0,0.0,0.8,0.4,0.0,-0.2,0.0
LightGBM,4,10,0,4,0,6,0.0,0.0,1.0,0.5,0.0,0.0,
LightGBM,5,7,0,1,4,2,0.0,0.0,0.2,0.1,0.0,-0.7302967433402214,0.0
LightGBM,6,7,0,6,0,1,0.0,0.0,1.0,0.5,0.0,0.0,
LightGBM,7,6,0,2,3,1,0.0,0.0,0.4,0.2,0.0,-0.4472135954999579,0.0
LightGBM,8,8,3,5,0,0,1.0,1.0,1.0,1.0,1.0,1.0,2.6666666666666665
LightGBM,9,6,0,2,3,1,0.0,0.0,0.4,0.2,0.0,-0.4472135954999579,0.0
LightGBM,10,5,0,5,0,0,0.0,,1.0,,,0.0,
