feature_set,model,fold,n_train,n_test,n_train_references,n_test_references,inner_best_r2,r2,rmse,mae
strict_hea,Ridge,1,71,8,25,1,0.4976229492846847,-0.034295779609679444,36.41695668958519,31.410985613806112
strict_hea,Ridge,2,71,8,22,4,0.2778343522618868,0.6113651047624244,109.53218194507691,97.01278772487646
strict_hea,Ridge,3,71,8,22,4,0.7098947248000058,0.7158074591257355,78.94563616507146,58.17908822786792
strict_hea,Ridge,4,71,8,22,4,0.5413278300340869,-0.49914080901490143,202.53616037827464,165.6958210470334
strict_hea,Ridge,5,71,8,25,1,0.5224999800518411,-1.9706279725029017,28.3601396956214,22.976963775738227
strict_hea,Ridge,6,72,7,24,2,0.38964188429830837,-0.6540617428182898,84.70128186446054,75.11845031058006
strict_hea,Ridge,7,72,7,24,2,0.24710273927474358,0.5686019884770708,108.98942111958267,107.26192382976595
strict_hea,Ridge,8,69,10,24,2,0.6989006923261419,0.7134238750063555,65.66107917099279,61.17819594627922
strict_hea,Ridge,9,72,7,23,3,0.5748159416326811,0.5295674113013827,190.5616634971593,141.37148543401
strict_hea,Ridge,10,71,8,23,3,0.48214998154111166,0.7025928505726932,71.68933881770566,62.09375111754147
