feature_set,model,fold,regressor__colsample_bytree,regressor__learning_rate,regressor__max_depth,regressor__min_child_weight,regressor__n_estimators,regressor__reg_lambda,regressor__subsample
strict_hea,XGBoost,1,0.6,0.01,2,3,200,2.0,0.6
strict_hea,XGBoost,2,0.8,0.01,6,3,100,2.0,0.6
strict_hea,XGBoost,3,0.6,0.1,4,3,400,1.0,0.6
strict_hea,XGBoost,4,0.8,0.05,3,5,600,1.0,1.0
strict_hea,XGBoost,5,0.6,0.01,2,3,200,2.0,0.6
strict_hea,XGBoost,6,0.6,0.01,2,3,200,2.0,0.6
strict_hea,XGBoost,7,0.8,0.01,6,3,100,2.0,0.6
strict_hea,XGBoost,8,0.8,0.03,2,5,400,0.5,0.6
strict_hea,XGBoost,9,0.6,0.01,2,3,200,2.0,0.6
strict_hea,XGBoost,10,0.6,0.01,2,3,200,2.0,0.6
