feature_set,model,fold,train_references,test_references,test_tc_min,test_tc_max,test_tc_mean
strict_hea,RandomForest,1,[10];[11];[12];[15];[17];[18];[22];[23];[25];[26];[27];[29];[30];[31];[32];[34];[36];[37];[38];[39];[3];[42];[4];[8];[9],[13],224.0,327.6,270.65
strict_hea,RandomForest,2,[11];[13];[15];[17];[18];[22];[25];[26];[27];[29];[30];[31];[32];[36];[37];[38];[39];[3];[42];[4];[8];[9],[10];[12];[23];[34],44.0,462.0,191.125
strict_hea,RandomForest,3,[10];[11];[12];[13];[15];[17];[18];[22];[23];[25];[27];[30];[32];[34];[36];[37];[38];[39];[3];[42];[4];[9],[26];[29];[31];[8],39.0,412.0,171.5
strict_hea,RandomForest,4,[10];[11];[12];[13];[15];[17];[23];[25];[26];[29];[30];[31];[34];[36];[37];[38];[39];[3];[42];[4];[8];[9],[18];[22];[27];[32],35.0,560.0,190.25
strict_hea,RandomForest,5,[10];[11];[12];[13];[15];[17];[18];[22];[23];[25];[26];[27];[29];[30];[31];[32];[34];[37];[38];[39];[3];[42];[4];[8];[9],[36],268.0,310.0,289.5
strict_hea,RandomForest,6,[10];[11];[12];[13];[15];[17];[18];[22];[23];[26];[27];[29];[30];[31];[32];[34];[36];[37];[38];[39];[3];[4];[8];[9],[25];[42],219.0,385.0,323.42857142857144
strict_hea,RandomForest,7,[10];[11];[12];[13];[15];[17];[18];[22];[23];[25];[26];[27];[29];[30];[31];[32];[34];[36];[38];[39];[42];[4];[8];[9],[37];[3],25.0,387.0,230.71428571428572
strict_hea,RandomForest,8,[10];[11];[12];[13];[17];[18];[22];[23];[25];[26];[27];[29];[30];[31];[32];[34];[36];[37];[38];[39];[3];[42];[4];[8],[15];[9],47.0,395.0,229.4
strict_hea,RandomForest,9,[10];[12];[13];[15];[18];[22];[23];[25];[26];[27];[29];[31];[32];[34];[36];[37];[38];[39];[3];[42];[4];[8];[9],[11];[17];[30],98.0,741.0,389.57142857142856
strict_hea,RandomForest,10,[10];[11];[12];[13];[15];[17];[18];[22];[23];[25];[26];[27];[29];[30];[31];[32];[34];[36];[37];[3];[42];[8];[9],[38];[39];[4],10.0,345.8,154.5375
