feature_set,model,fold,regressor__alpha,regressor__fit_intercept,regressor__max_depth,regressor__max_features,regressor__min_samples_leaf,regressor__min_samples_split,regressor__n_estimators,regressor__learning_rate,regressor__subsample,regressor__C,regressor__epsilon,regressor__gamma,regressor__colsample_bytree,regressor__min_child_weight,regressor__reg_lambda,regressor__min_child_samples,regressor__num_leaves
strict_hea,DummyMean,1,,,,,,,,,,,,,,,,,
strict_hea,DummyMean,2,,,,,,,,,,,,,,,,,
strict_hea,DummyMean,3,,,,,,,,,,,,,,,,,
strict_hea,DummyMean,4,,,,,,,,,,,,,,,,,
strict_hea,DummyMean,5,,,,,,,,,,,,,,,,,
strict_hea,DummyMean,6,,,,,,,,,,,,,,,,,
strict_hea,DummyMean,7,,,,,,,,,,,,,,,,,
strict_hea,DummyMean,8,,,,,,,,,,,,,,,,,
strict_hea,DummyMean,9,,,,,,,,,,,,,,,,,
strict_hea,DummyMean,10,,,,,,,,,,,,,,,,,
strict_hea,Ridge,1,5.0,True,,,,,,,,,,,,,,,
strict_hea,Ridge,2,100.0,True,,,,,,,,,,,,,,,
strict_hea,Ridge,3,3.0,True,,,,,,,,,,,,,,,
strict_hea,Ridge,4,50.0,True,,,,,,,,,,,,,,,
strict_hea,Ridge,5,7.0,True,,,,,,,,,,,,,,,
strict_hea,Ridge,6,70.0,True,,,,,,,,,,,,,,,
strict_hea,Ridge,7,100.0,True,,,,,,,,,,,,,,,
strict_hea,Ridge,8,10.0,True,,,,,,,,,,,,,,,
strict_hea,Ridge,9,3.0,True,,,,,,,,,,,,,,,
strict_hea,Ridge,10,10.0,True,,,,,,,,,,,,,,,
strict_hea,RandomForest,1,,,10.0,0.6,5.0,2.0,100.0,,,,,,,,,,
strict_hea,RandomForest,2,,,10.0,sqrt,5.0,8.0,200.0,,,,,,,,,,
strict_hea,RandomForest,3,,,30.0,0.6,5.0,5.0,800.0,,,,,,,,,,
strict_hea,RandomForest,4,,,10.0,sqrt,5.0,8.0,200.0,,,,,,,,,,
strict_hea,RandomForest,5,,,5.0,0.6,5.0,5.0,600.0,,,,,,,,,,
strict_hea,RandomForest,6,,,5.0,1.0,5.0,5.0,800.0,,,,,,,,,,
strict_hea,RandomForest,7,,,10.0,sqrt,5.0,8.0,200.0,,,,,,,,,,
strict_hea,RandomForest,8,,,10.0,0.6,5.0,2.0,100.0,,,,,,,,,,
strict_hea,RandomForest,9,,,5.0,sqrt,1.0,3.0,600.0,,,,,,,,,,
strict_hea,RandomForest,10,,,30.0,0.8,5.0,2.0,800.0,,,,,,,,,,
strict_hea,GradientBoosting,1,,,2.0,sqrt,3.0,,400.0,0.05,0.6,,,,,,,,
strict_hea,GradientBoosting,2,,,5.0,0.8,3.0,,100.0,0.01,0.6,,,,,,,,
strict_hea,GradientBoosting,3,,,2.0,sqrt,3.0,,400.0,0.05,0.6,,,,,,,,
strict_hea,GradientBoosting,4,,,5.0,0.8,3.0,,100.0,0.01,0.6,,,,,,,,
strict_hea,GradientBoosting,5,,,5.0,0.8,3.0,,100.0,0.01,0.6,,,,,,,,
strict_hea,GradientBoosting,6,,,5.0,0.8,3.0,,800.0,0.1,1.0,,,,,,,,
strict_hea,GradientBoosting,7,,,5.0,0.8,3.0,,100.0,0.01,0.6,,,,,,,,
strict_hea,GradientBoosting,8,,,4.0,sqrt,2.0,,200.0,0.1,0.9,,,,,,,,
strict_hea,GradientBoosting,9,,,2.0,,1.0,,100.0,0.01,0.9,,,,,,,,
strict_hea,GradientBoosting,10,,,5.0,,1.0,,100.0,0.01,0.8,,,,,,,,
strict_hea,SVR,1,,,,,,,,,,100.0,0.01,0.03,,,,,
strict_hea,SVR,2,,,,,,,,,,30.0,0.2,0.3,,,,,
strict_hea,SVR,3,,,,,,,,,,1000.0,0.1,0.03,,,,,
strict_hea,SVR,4,,,,,,,,,,30.0,0.2,0.3,,,,,
strict_hea,SVR,5,,,,,,,,,,100.0,0.01,0.03,,,,,
strict_hea,SVR,6,,,,,,,,,,100.0,0.1,0.1,,,,,
strict_hea,SVR,7,,,,,,,,,,30.0,0.2,0.3,,,,,
strict_hea,SVR,8,,,,,,,,,,500.0,0.2,0.01,,,,,
strict_hea,SVR,9,,,,,,,,,,500.0,0.2,0.01,,,,,
strict_hea,SVR,10,,,,,,,,,,500.0,0.2,0.01,,,,,
strict_hea,XGBoost,1,,,2.0,,,,200.0,0.01,0.6,,,,0.6,3.0,2.0,,
strict_hea,XGBoost,2,,,6.0,,,,100.0,0.01,0.6,,,,0.8,3.0,2.0,,
strict_hea,XGBoost,3,,,4.0,,,,400.0,0.1,0.6,,,,0.6,3.0,1.0,,
strict_hea,XGBoost,4,,,3.0,,,,600.0,0.05,1.0,,,,0.8,5.0,1.0,,
strict_hea,XGBoost,5,,,2.0,,,,200.0,0.01,0.6,,,,0.6,3.0,2.0,,
strict_hea,XGBoost,6,,,2.0,,,,200.0,0.01,0.6,,,,0.6,3.0,2.0,,
strict_hea,XGBoost,7,,,6.0,,,,100.0,0.01,0.6,,,,0.8,3.0,2.0,,
strict_hea,XGBoost,8,,,2.0,,,,400.0,0.03,0.6,,,,0.8,5.0,0.5,,
strict_hea,XGBoost,9,,,2.0,,,,200.0,0.01,0.6,,,,0.6,3.0,2.0,,
strict_hea,XGBoost,10,,,2.0,,,,200.0,0.01,0.6,,,,0.6,3.0,2.0,,
strict_hea,LightGBM,1,,,12.0,,,,400.0,0.01,0.8,,,,0.6,,,20.0,40.0
strict_hea,LightGBM,2,,,8.0,,,,200.0,0.01,1.0,,,,0.6,,,10.0,31.0
strict_hea,LightGBM,3,,,12.0,,,,600.0,0.1,1.0,,,,0.8,,,5.0,7.0
strict_hea,LightGBM,4,,,8.0,,,,200.0,0.01,1.0,,,,0.6,,,10.0,31.0
strict_hea,LightGBM,5,,,8.0,,,,400.0,0.01,0.6,,,,1.0,,,20.0,15.0
strict_hea,LightGBM,6,,,8.0,,,,200.0,0.01,1.0,,,,0.6,,,10.0,31.0
strict_hea,LightGBM,7,,,8.0,,,,200.0,0.01,1.0,,,,0.6,,,10.0,31.0
strict_hea,LightGBM,8,,,5.0,,,,600.0,0.01,0.6,,,,0.6,,,10.0,40.0
strict_hea,LightGBM,9,,,3.0,,,,400.0,0.03,0.8,,,,0.6,,,3.0,15.0
strict_hea,LightGBM,10,,,8.0,,,,200.0,0.01,1.0,,,,0.6,,,10.0,31.0
