reference_id,reference_number,manifest_doi,source_pdf_label,pdf_present,text_extracted,manifest_doi_confirmed,n_unique_records
[1],1,10.1002/adem.202300616,1.pdf,True,True,True,6
[2],2,10.1002/adem.202201770,2.pdf,True,True,True,2
[3],3,10.1016/j.intermet.2018.02.015,3.pdf,True,True,True,3
[4],4,10.1016/j.jallcom.2021.159918,4.pdf,True,True,True,4
[5],5,10.1016/j.actamat.2016.12.021,5.pdf,True,True,True,4
[6],6,10.1016/j.jallcom.2018.10.328,6.pdf,True,True,True,1
[7],7,10.1063/1.4908286,7.pdf,True,True,True,3
[8],8,10.1016/j.jallcom.2020.154101,8.pdf,True,True,True,4
[9],9,10.1016/j.jnoncrysol.2020.120354,9.pdf,True,True,True,3
[10],10,10.1016/j.jmrt.2021.01.035,10.pdf,True,True,True,4
[11],11,10.1007/s40843-021-1825-1,11.pdf,True,True,True,3
[12],12,10.1016/j.jallcom.2022.166040,12.pdf,True,True,True,1
[13],13,10.1016/j.jallcom.2023.171483,13.pdf,True,True,True,8
[14],14,10.1016/j.jmst.2021.08.076,14.pdf,True,True,True,2
[15],15,10.1007/s11837-017-2523-3,15.pdf,True,True,True,7
[16],16,10.1016/j.actamat.2021.116931,16.pdf,True,True,True,3
[17],17,10.1016/j.matchemphys.2021.124907,17.pdf,True,True,True,3
[18],18,10.1088/1361-6463/ac1139,18.pdf,True,True,True,4
[19],19,10.1063/5.0108367,19.pdf,True,True,True,1
[20],20,10.1007/s00339-020-04145-6,20.pdf,True,True,True,1
[21],21,10.1016/j.mtphys.2023.101116,21.pdf,True,True,True,1
[22],22,10.1016/j.jre.2022.12.001,22.pdf,True,True,True,2
[23],23,10.1007/s10854-022-09283-6,23.pdf,True,True,True,3
[24],24,10.1016/j.intermet.2022.107678,24.pdf,True,True,True,4
[25],25,10.1016/j.scriptamat.2022.115068,25.pdf,True,True,True,3
[26],26,10.1109/lmag.2019.2955667,26.pdf,True,True,True,1
[27],27,10.1016/j.jmmm.2019.165404,27.pdf,True,True,True,1
[28],28,10.1007/s10854-021-05749-1,28.pdf,True,True,True,1
[29],29,10.1016/j.cap.2019.09.019,29.pdf,True,True,True,2
[30],30,10.1063/5.0065067,30.pdf,True,True,True,1
[31],31,10.1016/j.jallcom.2020.157424,31.pdf,True,True,True,1
[32],32,10.1016/j.jmst.2020.10.071,32.pdf,True,True,True,1
[33],33,10.1557/s43578-022-00712-0,33.pdf,True,True,True,18
[34],34,10.1088/1402-4896/ac326d,34.pdf,True,True,True,2
[35],35,10.1016/j.mtener.2020.100621,35.pdf,True,True,True,2
[36],36,10.1016/j.mtphys.2023.101031,36.pdf,True,True,True,8
[37],37,10.1088/1402-4896/ac77c6,37.pdf,True,True,True,4
[38],38,10.1016/j.matdes.2023.111894,38.pdf,True,True,True,3
[39],39,10.1016/j.jmrt.2022.05.022,39.pdf,True,True,True,3
[40],40,10.1038/srep15755,40.pdf,True,True,True,7
[41],41,10.1063/1.5079394,41.pdf,True,True,True,2
[42],42,10.1063/5.0064308,42.pdf,True,True,True,4
