reference_id,reference_number,doi,n_unique_records,target_audit_status,target_audit_note,process_route,thermal_state_scope,phase_class,product_form,evidence_pages,evidence_summary,record_mapping_status,verification_status
[1],1,10.1002/adem.202300616,6,verified_as_reported,The source explicitly reports the tabulated value as a Curie or magnetic transition temperature consistent with the dataset label.,arc_melting+drop_casting,as_cast,single_phase_hcp,drop_cast_rod,"2, 7-8",The alloys were arc melted under Ar and drop cast into a cylindrical copper mould; XRD identifies the full Sc series as single-phase HCP.,all_records_direct,verified_from_uploaded_full_text
[2],2,10.1002/adem.202201770,2,verified_as_reported,The source explicitly reports the tabulated value as a Curie or magnetic transition temperature consistent with the dataset label.,arc_melting+induction_melt_spinning,as_cast_ingot_or_melt_spun_ribbon,single_phase_hcp,ingot_or_ribbon,"2, 6",The paper reports an arc-melted ingot and a ribbon ejected onto a Cu wheel at 25 m s-1; both are single-phase HCP and their measured compositions identify the two records.,record_states_restored,verified_from_uploaded_full_text
[3],3,10.1016/j.intermet.2018.02.015,3,verified_as_reported,The source explicitly reports the tabulated value as a Curie or magnetic transition temperature consistent with the dataset label.,melt_extraction,as_extracted,amorphous,microwire,1-2,The study states that the microwires were fabricated by melt extraction; XRD/DSC confirm an amorphous structure.,all_records_direct,verified_from_uploaded_full_text
[4],4,10.1016/j.jallcom.2021.159918,4,verified_as_reported,The source explicitly reports the tabulated value as a Curie or magnetic transition temperature consistent with the dataset label.,arc_melting,as_cast,single_phase_hcp,ingot,2-4,The alloys were arc melted under high-purity Ar and examined in the as-cast state; the rare-earth additions retain the HCP structure.,all_records_direct,verified_from_uploaded_full_text
[5],5,10.1016/j.actamat.2016.12.021,4,verified_as_reported,The source explicitly reports the tabulated value as a Curie or magnetic transition temperature consistent with the dataset label.,arc_melting+drop_casting,as_cast,composition_dependent_hcp_trigonal,drop_cast_rod,2-4,"Arc-melted alloys were drop cast into a Cu mould. The quinary alloy is single HCP, whereas the four- and three-component alloys contain HCP and trigonal phases.",composition_rule_required,verified_from_uploaded_full_text
[6],6,10.1016/j.jallcom.2018.10.328,1,verified_as_reported,The source explicitly reports the tabulated value as a Curie or magnetic transition temperature consistent with the dataset label.,arc_melting+melt_spinning,as_spun,single_phase_amorphous,ribbon,2,The ingot was arc melted and injected onto a spinning Cu roller; XRD shows a fully amorphous microstructure.,all_records_direct,verified_from_uploaded_full_text
[7],7,10.1063/1.4908286,3,verified_as_reported,The source explicitly reports the tabulated value as a Curie or magnetic transition temperature consistent with the dataset label.,arc_melting+suction_casting,as_cast,amorphous,rod,2-3,Arc-melted ingots were suction cast into 1 mm Cu-mould rods; XRD shows no crystalline peaks and confirms a fully amorphous structure.,all_records_direct,verified_from_uploaded_full_text
[8],8,10.1016/j.jallcom.2020.154101,4,verified_as_reported,The source explicitly reports the tabulated value as a Curie or magnetic transition temperature consistent with the dataset label.,arc_melting+melt_spinning_or_suction_casting,as_cast,amorphous,ribbon_or_rod,2-4,"Arc-melted master alloys were melt spun as ribbons; the rare-earth-substituted compositions were also suction cast as rods. All reported products are amorphous, but the TC record-to-product mapping is not explicit.",product_form_mapping_required,verified_from_uploaded_full_text
[9],9,10.1016/j.jnoncrysol.2020.120354,3,verified_as_reported,The source explicitly reports the tabulated value as a Curie or magnetic transition temperature consistent with the dataset label.,arc_melting+melt_spinning,as_spun,amorphous,ribbon,2,"Arc-melted ingots were remelted and injected onto a Cu roller; XRD confirms amorphous ribbons, and the reported TC values are assigned by composition.",all_records_direct,verified_from_uploaded_full_text
[10],10,10.1016/j.jmrt.2021.01.035,4,verified_as_reported,The source explicitly reports the tabulated value as a Curie or magnetic transition temperature consistent with the dataset label.,arc_melting+copper_mold_casting,as_cast,amorphous,bulk_metallic_glass,2,Master alloys were arc melted and copper-mould cast; the amorphous nature of the as-cast samples was checked by XRD.,all_records_direct,verified_from_uploaded_full_text
[11],11,10.1007/s40843-021-1825-1,3,verified_as_reported,The source explicitly reports the tabulated value as a Curie or magnetic transition temperature consistent with the dataset label.,arc_melting+suction_casting+melt_extraction,as_cast_or_current_annealed,amorphous_nanocrystalline,microwire,2-8,"Melt-extracted microwires were current annealed at 50, 75, or 100 x 10^6 A m-2 for 480 s in air, producing amorphous/nanocrystalline states.",record_states_restored,verified_from_uploaded_full_text
[12],12,10.1016/j.jallcom.2022.166040,1,verified_as_reported,The source explicitly reports the tabulated value as a Curie or magnetic transition temperature consistent with the dataset label.,arc_melting,as_cast,two_ccp_solid_solutions_plus_sigma,ingot,2-5,"The as-cast alloy was arc melted. XRD/SEM identify a principal ccp phase, a Cu-rich ccp phase and a sigma-type V-rich intermetallic.",all_records_direct,verified_from_uploaded_full_text
[13],13,10.1016/j.jallcom.2023.171483,8,verified_as_reported,The source explicitly reports the tabulated value as a Curie or magnetic transition temperature consistent with the dataset label.,arc_melting+vacuum_annealing+water_quenching,annealed_1023K_72h_vacuum_water_quenched,composition_dependent_hexagonal_orthorhombic,ingot,2-5,Arc-melted alloys were annealed at 1023 K for 72 h in evacuated quartz and water quenched. The first series is Ni2In-type hexagonal; the second evolves between hexagonal and hexagonal+orthorhombic states.,composition_rule_required,verified_from_uploaded_full_text
[14],14,10.1016/j.jmst.2021.08.076,2,verified_as_reported,The source explicitly reports the tabulated value as a Curie or magnetic transition temperature consistent with the dataset label.,arc_melting+copper_mold_casting+ball_milling+annealing_or_hydrogenation,annealed_538K_150ks_or_hydrogenated_538K_5MPa_150ks,state_dependent_amorphous_nanocrystalline_or_dihydride,powder,2-5,"Copper-mould-cast glass was ball milled. Hydrogen-free powder was annealed at 538 K for 150 ks; the comparison powder was hydrogenated at 538 K and 5 MPa H2 for 150 ks, producing nanocrystalline dihydrides.",record_states_restored,verified_from_uploaded_full_text
[15],15,10.1007/s11837-017-2523-3,7,verified_as_reported,The source explicitly reports the tabulated value as a Curie or magnetic transition temperature consistent with the dataset label.,arc_melting+melt_spinning,as_spun,single_phase_fcc,melt_spun_flakes,2-4,"Arc-melted ingots were melt spun at 40 m s-1, producing brittle crystalline flakes; XRD identifies a single FCC solid solution across the series.",all_records_direct,verified_from_uploaded_full_text
[16],16,10.1016/j.actamat.2021.116931,3,verified_as_reported,The source explicitly reports the tabulated value as a Curie or magnetic transition temperature consistent with the dataset label.,arc_melting,as_cast,hcp_with_sem_detected_minority_phase,ingot,2-4,"Room-temperature XRD is indexed as HCP, while SEM-EDX reveals a Si-depleted minority phase not resolved as a distinct XRD phase.",all_records_direct,verified_from_uploaded_full_text
[17],17,10.1016/j.matchemphys.2021.124907,3,verified_as_reported,The source explicitly reports the tabulated value as a Curie or magnetic transition temperature consistent with the dataset label.,arc_melting+annealing+water_quenching,annealed_1123K_30min_water_quenched,single_phase_fcc,ingot,2-4,Arc-melted samples were annealed at 1123 K for 30 min and water quenched; XRD/SEM report a single FCC phase.,all_records_direct,verified_from_uploaded_full_text
[18],18,10.1088/1361-6463/ac1139,4,verified_as_reported,The source explicitly reports the tabulated value as a Curie or magnetic transition temperature consistent with the dataset label.,arc_melting+suction_casting,as_cast,composition_dependent_single_or_dual_fcc,suction_cast_rod,2-5,"Arc-melted alloys were suction cast as 3 mm rods. The Cu-free alloy is single FCC, while Cu additions produce composition-dependent Cu-rich segregation and a second FCC phase.",composition_rule_required,verified_from_uploaded_full_text
[19],19,10.1063/5.0108367,1,verified_as_reported,The source explicitly reports the tabulated value as a Curie or magnetic transition temperature consistent with the dataset label.,arc_melting,as_cast,temperature_dependent_hexagonal_orthorhombic_coexistence,ingot,2-5,"The as-cast alloy was arc melted. Temperature-dependent diffraction shows hexagonal/orthorhombic coexistence near room temperature, predominantly orthorhombic at 200 K and predominantly hexagonal above 320 K.",all_records_direct,verified_from_uploaded_full_text
[20],20,10.1007/s00339-020-04145-6,1,target_semantics_review_required,"The dataset value 295 K is reported in the source as the maximum of -Delta S_M, not explicitly as TC; the paper separately discusses a blocking temperature near 325 K.",magnetron_sputtering_mosaic_target+annealing,deposited_300K_then_annealed_700K_60min_ArH2,bcc_plus_fcc_after_annealing,thin_film,2-5,The Experimental section specifies magnetron sputtering from a mosaic target at 300 K followed by 700 K/60 min Ar-H2 annealing; the annealed film contains BCC and FCC contributions.,all_records_direct,verified_from_uploaded_full_text
[21],21,10.1016/j.mtphys.2023.101116,1,target_value_conflict_review_required,"The abstract reports 297 K, whereas the main text gives approximately 280 K; the same nominal composition is 329 K in reference 12.",arc_melting,as_cast,two_ccp_solid_solutions_plus_sigma,ingot,1-5,"The as-cast alloy was arc melted and is described as a three-phase system comprising a principal ccp solid solution, a Cu-rich ccp solid solution and a sigma intermetallic.",all_records_direct,verified_from_uploaded_full_text
[22],22,10.1016/j.jre.2022.12.001,2,verified_as_reported,The source explicitly reports the tabulated value as a Curie or magnetic transition temperature consistent with the dataset label.,arc_melting+melt_spinning,as_spun,composition_dependent_amorphous_or_nanocrystalline,ribbon,2-4,Arc-melted ingots were melt spun. The Al-containing ribbon is fully amorphous; the Ni-containing ribbon is partly crystallized with HCP nanocrystals.,composition_rule_required,verified_from_uploaded_full_text
[23],23,10.1007/s10854-022-09283-6,3,verified_as_reported,The source explicitly reports the tabulated value as a Curie or magnetic transition temperature consistent with the dataset label.,arc_melting+induction_melt_spinning,as_spun,single_phase_hcp,ribbon,2-4,Arc-melted master alloys were induction melt spun onto a Cu wheel at 29 m s-1; all three ribbons are single-phase HCP.,all_records_direct,verified_from_uploaded_full_text
[24],24,10.1016/j.intermet.2022.107678,4,verified_as_reported,The source explicitly reports the tabulated value as a Curie or magnetic transition temperature consistent with the dataset label.,arc_melting+state_specific_postprocessing,as_cast_or_suction_cast_or_annealed_or_cold_deformed,state_dependent_hcp_with_minor_fcc_or_oxide,ingot_or_rod,2-5,"One master alloy was measured as cast, suction cast as a 3 mm rod, annealed at 1173 K for 2 h, or severely cold deformed. The four reported transition temperatures identify these states.",record_states_restored,verified_from_uploaded_full_text
[25],25,10.1016/j.scriptamat.2022.115068,3,verified_as_reported,The source explicitly reports the tabulated value as a Curie or magnetic transition temperature consistent with the dataset label.,arc_melting+vacuum_annealing+water_quenching,annealed_1323K_9d_vacuum_water_quenched,composition_dependent_LaFeSi13_multiphase,ingot,2-5,"Arc-melted alloys were annealed at 1323 K for nine days under vacuum and water quenched. The Cr- and Co/Ni-containing samples retain secondary phases, while the quaternary-substituted alloy is predominantly La(Fe,Si)13.",composition_rule_required,verified_from_uploaded_full_text
[26],26,10.1109/LMAG.2019.2955667,1,verified_as_reported,The source explicitly reports the tabulated value as a Curie or magnetic transition temperature consistent with the dataset label.,arc_melting,as_cast,single_phase_orthorhombic_pnma,ingot,2-4,The alloy was arc melted under Ar and its diffraction pattern is indexed to the orthorhombic Pnma structure.,all_records_direct,verified_from_uploaded_full_text
[27],27,10.1016/j.jmmm.2019.165404,1,verified_as_reported,The source explicitly reports the tabulated value as a Curie or magnetic transition temperature consistent with the dataset label.,torch_alloying+fluxing+J_quenching,as_quenched,amorphous,bulk_metallic_glass_rod,1-2,"The alloy was torch-alloyed under Ar, fluxed for 4 h under vacuum, then J-quenched into rods; XRD confirms amorphous samples.",all_records_direct,verified_from_uploaded_full_text
[28],28,10.1007/s10854-021-05749-1,1,verified_as_reported,The source explicitly reports the tabulated value as a Curie or magnetic transition temperature consistent with the dataset label.,arc_melting,as_cast,single_phase_hcp,ingot,2,The as-cast alloy was arc melted; XRD/Rietveld analysis identifies a homogeneous single-phase HCP structure.,all_records_direct,verified_from_uploaded_full_text
[29],29,10.1016/j.cap.2019.09.019,2,verified_as_reported,The source explicitly reports the tabulated value as a Curie or magnetic transition temperature consistent with the dataset label.,arc_melting+suction_casting,as_quenched_or_annealed,single_phase_bcc,suction_cast_rod,2-4,The source assigns 322 K to the as-quenched state and 334 K to the 700 K/1 h Ar-annealed state; both are BCC.,record_states_restored,verified_from_uploaded_full_text
[30],30,10.1063/5.0065067,1,verified_as_reported,The source explicitly reports the tabulated value as a Curie or magnetic transition temperature consistent with the dataset label.,arc_melting+melt_spinning,as_spun,single_phase_bcc,ribbon,3-4,The arc-melted ingot was remelted onto a Cu roller; XRD identifies the melt-spun alloy as a disordered BCC solid solution.,all_records_direct,verified_from_uploaded_full_text
[31],31,10.1016/j.jallcom.2020.157424,1,verified_as_reported,The source explicitly reports the tabulated value as a Curie or magnetic transition temperature consistent with the dataset label.,arc_melting,as_cast,single_phase_hcp,ingot,2,The alloy was arc melted under Ar; room-temperature XRD identifies a single HCP phase.,all_records_direct,verified_from_uploaded_full_text
[32],32,10.1016/j.jmst.2020.10.071,1,verified_as_reported,The source explicitly reports the tabulated value as a Curie or magnetic transition temperature consistent with the dataset label.,arc_melting,as_cast,dual_phase_bcc_fcc,ingot,1-2,Samples were made in an arc furnace under Ar; XRD shows a duplex BCC+FCC solid-solution structure.,all_records_direct,verified_from_uploaded_full_text
[33],33,10.1557/s43578-022-00712-0,18,secondary_source_traceback_required,Each record must be checked against its original primary publication before model-ready use.,multiple_secondary_sources,multiple_reported_states,multiple_reported_phases,multiple,entire review,"This is a review table aggregating records from multiple original publications; process, state and phase must be recovered from those primary sources rather than assigned at review level.",secondary_review_original_sources_required,verified_from_uploaded_full_text
[34],34,10.1088/1402-4896/ac326d,2,verified_as_reported,The source explicitly reports the tabulated value as a Curie or magnetic transition temperature consistent with the dataset label.,arc_melting+suction_casting,as_quenched_or_annealed,single_phase_bcc,suction_cast_sample,1-4,The source assigns 442 K to as-quenched and 462 K to 500 K/1 h Ar annealing with slow cooling; both states are BCC.,record_states_restored,verified_from_uploaded_full_text
[35],35,10.1016/j.mtener.2020.100621,2,target_value_conflict_review_required,"The source reports multiple magnetic transitions for Al-containing compositions; the dataset's 685 K value does not match the source table's 640/905 K pair for x=1.0, and transition selection requires review.",arc_melting+casting+annealing+water_quenching,annealed_1423K_10h_Ar_water_quenched,composition_dependent_fcc_or_b2_bcc,cast_rod,2-5,"Arc-melted alloys were cast as 6 mm rods, annealed at 1423 K for 10 h in Ar and water quenched. Al-free material is FCC; Al-containing alloys contain a B2 matrix and BCC Fe-Cr-rich precipitates.",composition_rule_required,verified_from_uploaded_full_text
[36],36,10.1016/j.mtphys.2023.101031,8,verified_as_reported,The source explicitly reports the tabulated value as a Curie or magnetic transition temperature consistent with the dataset label.,arc_melting,as_cast,single_phase_bcc,ingot,2,The alloy series was arc melted under Ar; XRD and microstructure analysis report a single BCC phase without observable secondary phases.,all_records_direct,verified_from_uploaded_full_text
[37],37,10.1088/1402-4896/ac77c6,4,verified_as_reported,The source explicitly reports the tabulated value as a Curie or magnetic transition temperature consistent with the dataset label.,arc_melting,as_cast,single_phase_orthorhombic_pnma,ingot,2-3,The two approximately 3 g ingots were arc melted under Ar with at least six remelts; Rietveld analysis identifies the orthorhombic Pnma structure and Table 1 reports TC=361 and 387 K.,all_records_direct,verified_from_uploaded_full_text
[38],38,10.1016/j.matdes.2023.111894,3,verified_as_reported,The source explicitly reports the tabulated value as a Curie or magnetic transition temperature consistent with the dataset label.,arc_melting,as_cast,single_phase_bcc,ingot,2,The alloy series was synthesized by arc melting; room-temperature XRD reports a single-phase BCC structure.,all_records_direct,verified_from_uploaded_full_text
[39],39,10.1016/j.jmrt.2022.05.022,3,verified_as_reported,The source explicitly reports the tabulated value as a Curie or magnetic transition temperature consistent with the dataset label.,arc_melting+copper_mold_casting,as_cast,amorphous,bulk_metallic_glass,3-4,"Master alloys were arc melted and copper-mould cast into BMG samples; XRD shows broad humps without sharp peaks, indicating amorphous structures.",all_records_direct,verified_from_uploaded_full_text
[40],40,10.1038/srep15755,7,state_assignment_review_required,The source plots separate as-rolled and annealed TC series; the dataset values do not unambiguously identify which state was transcribed.,arc_melting+cold_rolling+optional_annealing,as_rolled_or_annealed_900C_1h_Ar,fcc_with_state_dependent_strain_and_possible_oxide,cold_rolled_sheet,2-4,"Arc-melted buttons were cold rolled to thin sheets and characterized both as rolled and after 900 C/1 h Ar annealing. Figure 1 reports separate TC series, but the dataset state assignment is not explicit.",state_series_mapping_required,verified_from_uploaded_full_text
[41],41,10.1063/1.5079394,2,target_semantics_review_required,"The dataset values 290 and 150 K are the source's peak magnetic-entropy-change temperatures/transition features, not uniformly established Curie temperatures.",arc_melting+annealing+furnace_cooling,annealed_800C_3h_furnace_cooled,dual_phase_bcc_fcc,ingot_disc,2-5,Arc-melted ingots were annealed at 800 C for 3 h and furnace cooled for the magnetocaloric comparison; both selected compositions contain BCC and FCC phases.,all_records_direct,verified_from_uploaded_full_text
[42],42,10.1063/5.0064308,4,verified_as_reported,The source explicitly reports the tabulated value as a Curie or magnetic transition temperature consistent with the dataset label.,arc_melting,as_cast,composition_dependent_fcc_bcc,ingot,3-4,Arc-melted alloys transform with Al content from duplex FCC+BCC to single-phase BCC; figure-level phase fractions require composition-specific transcription.,figure_transcription_required,verified_from_uploaded_full_text
