field,category,n_records,n_publications,TC_median_K,TC_min_K,TC_max_K
process_route,arc_melting,28,11,288.9,120.0,412.0
process_route,arc_melting+melt_spinning,15,5,264.0,29.0,395.0
process_route,arc_melting+suction_casting,11,4,120.0,9.0,462.0
process_route,arc_melting+vacuum_annealing+water_quenching,11,2,271.0,219.0,327.6
process_route,arc_melting+drop_casting,10,2,181.0,52.0,198.0
process_route,arc_melting+copper_mold_casting,7,2,44.0,10.0,44.0
process_route,arc_melting+suction_casting+melt_extraction,5,1,102.0,98.0,102.0
process_route,arc_melting+induction_melt_spinning,5,2,160.0,117.0,190.0
process_route,arc_melting+state_specific_postprocessing,4,1,143.5,139.0,146.0
process_route,melt_extraction,3,1,39.0,25.0,55.0
process_route,arc_melting+annealing+water_quenching,3,1,651.0,651.0,736.0
process_route,arc_melting+copper_mold_casting+ball_milling+annealing,1,1,59.0,59.0,59.0
process_route,arc_melting+copper_mold_casting+ball_milling+hydrogenation,1,1,8.0,8.0,8.0
process_route,torch_alloying+fluxing+J_quenching,1,1,560.0,560.0,560.0
phase_class,single_phase_hcp,20,8,163.45,117.0,198.0
phase_class,amorphous,18,6,42.5,9.0,560.0
phase_class,single_phase_bcc,16,5,310.0,268.0,462.0
phase_class,single_phase_fcc,11,3,299.0,113.0,736.0
phase_class,single_phase_orthorhombic_pnma,5,2,387.0,361.0,412.0
phase_class,amorphous_nanocrystalline,5,1,102.0,98.0,102.0
phase_class,single_phase_Ni2In_hexagonal,4,1,233.5,224.0,271.0
phase_class,Ni2In_hexagonal_plus_TiNiSi_orthorhombic,4,1,302.15,271.3,327.6
phase_class,hcp_with_sem_detected_minority_phase,3,1,178.0,138.0,200.0
phase_class,hcp_plus_trigonal,3,1,88.0,52.0,139.0
phase_class,LaFeSi13_plus_alphaFe_or_La_rich_secondary,2,1,252.0,219.0,285.0
phase_class,hcp_with_minor_fcc_or_oxide,2,1,145.0,144.0,146.0
phase_class,fcc_with_cu_rich_segregation,2,1,171.5,120.0,223.0
phase_class,two_ccp_solid_solutions_plus_sigma,1,1,329.0,329.0,329.0
phase_class,single_phase_amorphous,1,1,29.0,29.0,29.0
phase_class,temperature_dependent_hexagonal_orthorhombic_coexistence,1,1,295.0,295.0,295.0
phase_class,dual_phase_fcc,1,1,110.0,110.0,110.0
phase_class,amorphous_matrix_plus_nanocrystals,1,1,59.0,59.0,59.0
phase_class,amorphous_matrix_plus_nanocrystalline_dihydrides,1,1,8.0,8.0,8.0
phase_class,fully_amorphous,1,1,35.0,35.0,35.0
phase_class,amorphous_plus_hcp_nanocrystals,1,1,40.0,40.0,40.0
phase_class,predominantly_single_phase_LaFeSi13,1,1,247.0,247.0,247.0
phase_class,dual_phase_bcc_fcc,1,1,321.0,321.0,321.0
product_form,ingot,44,16,281.4,120.0,736.0
product_form,ribbon,12,6,50.0,29.0,340.0
product_form,drop_cast_rod,10,2,181.0,52.0,198.0
product_form,microwire,8,2,98.5,25.0,102.0
product_form,bulk_metallic_glass,7,2,44.0,10.0,44.0
product_form,suction_cast_rod,7,3,143.0,110.0,334.0
product_form,melt_spun_flakes,7,1,297.0,264.0,395.0
product_form,rod,3,1,18.0,9.0,37.0
product_form,powder,2,1,33.5,8.0,59.0
product_form,suction_cast_sample,2,1,452.0,442.0,462.0
product_form,annealed_ingot,1,1,146.0,146.0,146.0
product_form,cold_deformed_sample,1,1,139.0,139.0,139.0
product_form,bulk_metallic_glass_rod,1,1,560.0,560.0,560.0
thermal_state,as_cast,54,19,181.0,9.0,412.0
thermal_state,as_spun,18,6,155.0,29.0,395.0
thermal_state,annealed_1023K_72h_vacuum_water_quenched,8,1,271.15,224.0,327.6
thermal_state,annealed_1323K_9d_vacuum_water_quenched,3,1,247.0,219.0,285.0
thermal_state,as_quenched,3,3,442.0,322.0,560.0
thermal_state,as_extracted,3,1,39.0,25.0,55.0
thermal_state,annealed_1123K_30min_water_quenched,3,1,651.0,651.0,736.0
thermal_state,current_annealed_100e6_A_m-2_480s_air,2,1,98.5,98.0,99.0
thermal_state,as_cast_ingot,1,1,160.0,160.0,160.0
thermal_state,melt_spun_25m_s,1,1,163.9,163.9,163.9
thermal_state,current_annealed_75e6_A_m-2_480s_air,1,1,102.0,102.0,102.0
thermal_state,hydrogenated_538K_5MPa_150ks,1,1,8.0,8.0,8.0
thermal_state,annealed_538K_150ks_0MPa,1,1,59.0,59.0,59.0
thermal_state,current_annealed_50e6_A_m-2_480s_air,1,1,102.0,102.0,102.0
thermal_state,suction_cast_3mm_rapidly_quenched,1,1,143.0,143.0,143.0
thermal_state,severely_cold_deformed,1,1,139.0,139.0,139.0
thermal_state,annealed_1173K_2h_vacuum,1,1,146.0,146.0,146.0
thermal_state,annealed_700K_1h_Ar_slow_cooled,1,1,334.0,334.0,334.0
thermal_state,annealed_500K_1h_Ar_slow_cooled,1,1,462.0,462.0,462.0
