source_row,composition,reference_id,TC,feature_set,model,y_true_TC,y_pred_TC,residual_TC,absolute_error_K
2,GdTbDyHo,[1],198.0,hea,LightGBM,198.0,169.13144011294818,28.868559887051816,28.868559887051816
3,(GdTbDyHo)99.9Sc0.1,[1],193.0,hea,LightGBM,193.0,181.89617715930768,11.103822840692317,11.103822840692317
4,(GdTbDyHo)99.9Sc0.2,[1],186.0,hea,LightGBM,186.0,169.13144011294818,16.868559887051816,16.868559887051816
5,GdTbDyHo)99.9Sc0.3,[1],181.0,hea,LightGBM,181.0,169.13144011294818,11.868559887051816,11.868559887051816
6,(GdTbDyHo)99.9Sc0.4,[1],181.0,hea,LightGBM,181.0,169.13144011294818,11.868559887051816,11.868559887051816
7,(GdTbDyHo)99.9Sc0.5,[1],176.0,hea,LightGBM,176.0,169.13144011294818,6.868559887051816,6.868559887051816
8,Tb25.11Dy25.03Ho24.4Er 25.43,[2],160.0,hea,LightGBM,160.0,169.42249184606482,-9.422491846064815,9.422491846064815
9,Tb23.58Dy25.05Ho25.03Er 26.34,[2],163.9,hea,LightGBM,163.9,169.42249184606482,-5.52249184606481,5.52249184606481
10,Gd20Ho20Er20Al20 Fe 20,[3],55.0,hea,LightGBM,55.0,36.8810471610161,18.1189528389839,18.1189528389839
11,Gd20Ho20Er20Al20 Co 20,[3],39.0,hea,LightGBM,39.0,36.8810471610161,2.118952838983901,2.118952838983901
12,Gd20Ho20Er20Al20 Ni 20,[3],25.0,hea,LightGBM,25.0,45.611513663014435,-20.611513663014435,20.611513663014435
13,GdTbHoEr,[4],190.0,hea,LightGBM,190.0,168.62247582771982,21.377524172280175,21.377524172280175
14,GdTbHoErLa,[4],127.0,hea,LightGBM,127.0,137.97458778062935,-10.97458778062935,10.97458778062935
15,GdTbHoErLaY,[4],120.0,hea,LightGBM,120.0,140.9932296496061,-20.993229649606093,20.993229649606093
16,GdTbHoErPr,[4],135.0,hea,LightGBM,135.0,140.9932296496061,-5.993229649606093,5.993229649606093
17,Gd20Dy20Er20Ho20Tb20,[5],186.0,hea,LightGBM,186.0,124.74441231392841,61.25558768607159,61.25558768607159
18,Gd25Er25Ho25Tb25,[5],139.0,hea,LightGBM,139.0,193.5080334378975,-54.508033437897495,54.508033437897495
19,Dy25Er25Ho25Tb25,[5],52.0,hea,LightGBM,52.0,193.5080334378975,-141.5080334378975,141.5080334378975
20,Er33.33Ho33.33Tb33.34,[5],88.0,hea,LightGBM,88.0,193.5080334378975,-105.5080334378975,105.5080334378975
21,Gd10Tb10Dy10Ho10Er10Y10Ni10Co10Ag10Al10,[6],29.0,hea,LightGBM,29.0,119.30450701750227,-90.30450701750227,90.30450701750227
26,Ho20Er20Co20Al20Gd20,[7],37.0,hea,LightGBM,37.0,50.463935628321764,-13.463935628321764,13.463935628321764
27,Ho20Er20Co20Al20Dy20,[7],18.0,hea,LightGBM,18.0,50.463935628321764,-32.463935628321764,32.463935628321764
28,Ho20Er20Co20Al20Tm20,[7],9.0,hea,LightGBM,9.0,48.19899022501864,-39.19899022501864,39.19899022501864
33,Gd25Co25Al25Ho24Y1,[9],51.0,hea,LightGBM,51.0,92.20226981480403,-41.202269814804026,41.202269814804026
34,Gd25Co25Al25Ho20Y5,[9],49.0,hea,LightGBM,49.0,92.20226981480403,-43.202269814804026,43.202269814804026
35,Gd25Co25Al25Ho15Y10,[9],47.0,hea,LightGBM,47.0,92.20226981480403,-45.202269814804026,45.202269814804026
37,Gd20Dy20Er20Co20Al20,[10],44.0,hea,LightGBM,44.0,32.65234631450468,11.347653685495317,11.347653685495317
39,(Gd20Dy20Er20Co20Al20)Si0.5,[10],44.0,hea,LightGBM,44.0,32.65234631450468,11.347653685495317,11.347653685495317
41,(Gd20Dy20Er20Co20Al20)Si1,[10],44.0,hea,LightGBM,44.0,32.65234631450468,11.347653685495317,11.347653685495317
43,(Gd20Dy20Er20Co20Al20)Si3,[10],44.0,hea,LightGBM,44.0,32.831882027577166,11.168117972422834,11.168117972422834
45,(Gd36Tb20Co20Al24)97Fe3(micro_100),[11],98.0,hea,LightGBM,98.0,92.20226981480403,5.797730185195974,5.797730185195974
46,(Gd36Tb20Co20Al24)97Fe3(micro_70),[11],102.0,hea,LightGBM,102.0,92.20226981480403,9.797730185195974,9.797730185195974
53,(Gd36Tb20Co20Al24)97Fe3(micro_100),[11],99.0,hea,LightGBM,99.0,92.20226981480403,6.797730185195974,6.797730185195974
57,V0.85FeCoNiCu1.15,[12],329.0,hea,LightGBM,329.0,315.6887638418094,13.311236158190582,13.311236158190582
60,(MnNiSi)1-x(FeCoGe)x x=0.4,[13],271.0,hea,LightGBM,271.0,302.51125665796275,-31.511256657962747,31.511256657962747
61,(MnNiSi)1-x(FeCoGe)x x=0.42,[13],224.0,hea,LightGBM,224.0,302.51125665796275,-78.51125665796275,78.51125665796275
62,(MnNiSi)1-x(FeCoGe)x x=0.45,[13],232.0,hea,LightGBM,232.0,302.51125665796275,-70.51125665796275,70.51125665796275
63,(MnNiSi)1-x(FeCoGe)x x=0.47,[13],235.0,hea,LightGBM,235.0,302.51125665796275,-67.51125665796275,67.51125665796275
64,(MnNi)0.6Si1-y(FeCo)0.4Gey  y=0.36,[13],327.6,hea,LightGBM,327.6,302.51125665796275,25.088743342037276,25.088743342037276
65,(MnNi)0.6Si1-y(FeCo)0.4Gey  y=0.38,[13],308.8,hea,LightGBM,308.8,302.51125665796275,6.2887433420372645,6.2887433420372645
66,(MnNi)0.6Si1-y(FeCo)0.4Gey  y=0.4,[13],271.3,hea,LightGBM,271.3,302.51125665796275,-31.211256657962736,31.211256657962736
67,(MnNi)0.6Si1-y(FeCo)0.4Gey  y=0.42,[13],295.5,hea,LightGBM,295.5,302.51125665796275,-7.011256657962747,7.011256657962747
68,Gd 20 Tb 18 Dy 18 Co 20 Al 24,[14],59.0,hea,LightGBM,59.0,64.55072192244056,-5.550721922440559,5.550721922440559
74,(Gd 0.2 Tb 0.18 Dy 0.18 Co 0.2 Al 0.24 ) 43 H 57,[14],8.0,hea,LightGBM,8.0,80.57111042307379,-72.57111042307379,72.57111042307379
80,CoCuFeMnNi,[15],395.0,hea,LightGBM,395.0,242.94092368589088,152.05907631410912,152.05907631410912
81,CoCu0.975FeMn1.025Ni,[15],321.0,hea,LightGBM,321.0,242.94092368589088,78.05907631410912,78.05907631410912
82,CoCu0.95FeMn1.05Ni,[15],297.0,hea,LightGBM,297.0,242.94092368589088,54.05907631410912,54.05907631410912
83,CoCu0.925FeMn1.075Ni,[15],279.0,hea,LightGBM,279.0,242.94092368589088,36.05907631410912,36.05907631410912
84,CoCu0.9FeMn1.1Ni,[15],264.0,hea,LightGBM,264.0,242.94092368589088,21.05907631410912,21.05907631410912
85,CoCuFe0.975Mn1.025Ni,[15],299.0,hea,LightGBM,299.0,242.94092368589088,56.05907631410912,56.05907631410912
86,CoCuFe0.95Mn1.05Ni,[15],292.0,hea,LightGBM,292.0,242.94092368589088,49.05907631410912,49.05907631410912
87,"(Fe,Mn,Ni) 66.7 (Ge 0.5 Si 0.5 ) 33.3",[16],138.0,hea,LightGBM,138.0,269.50131205943524,-131.50131205943524,131.50131205943524
88,"Fe,Mn,Ni) 66.7 (Ge 0.465 Si 0.535 ) 33.3",[16],178.0,hea,LightGBM,178.0,258.54131246213956,-80.54131246213956,80.54131246213956
89,"(Fe,Mn,Ni) 66.7 (Ge 0.45 Si 0.55 ) 33.3",[16],200.0,hea,LightGBM,200.0,258.54131246213956,-58.54131246213956,58.54131246213956
90,Fe30Co30Ni30Cr10,[17],651.0,hea,LightGBM,651.0,166.58134982523273,484.41865017476727,484.41865017476727
91,Fe30Co30Ni30Mn10,[17],736.0,hea,LightGBM,736.0,220.3081526411755,515.6918473588245,515.6918473588245
92,Fe30Co30Ni30Cr5Mn5,[17],651.0,hea,LightGBM,651.0,177.75882101630884,473.24117898369116,473.24117898369116
93,CoFeNiCr1.0Cu0.0,[18],113.0,hea,LightGBM,113.0,637.5999369869235,-524.5999369869235,524.5999369869235
94,CoFeNiCr1.0Cu0.5,[18],120.0,hea,LightGBM,120.0,401.2664517824311,-281.2664517824311,281.2664517824311
95,CoFeNiCr1.0Cu1.0,[18],110.0,hea,LightGBM,110.0,376.5111109361938,-266.5111109361938,266.5111109361938
96,CoFeNiCr0.8Cu1.0,[18],223.0,hea,LightGBM,223.0,376.5111109361938,-153.5111109361938,153.5111109361938
97,Mn1.75Fe0.25CoNiGe1.6Si0.4,[19],295.0,hea,LightGBM,295.0,237.48970405435819,57.510295945641815,57.510295945641815
102,GdTbDyHoErTmCoAl,[22],35.0,hea,LightGBM,35.0,190.09537097801976,-155.09537097801976,155.09537097801976
103,GdTbDyHoErTmCoNi,[22],40.0,hea,LightGBM,40.0,159.7747974577588,-119.77479745775881,119.77479745775881
104,GdTbHoEr,[23],190.0,hea,LightGBM,190.0,150.6968189878663,39.303181012133706,39.303181012133706
105,GdTbHoErLa,[23],117.0,hea,LightGBM,117.0,147.42745966912267,-30.42745966912267,30.42745966912267
106,GdTbHoErLaY,[23],120.0,hea,LightGBM,120.0,138.86376721008185,-18.863767210081846,18.863767210081846
107,ScGdTbDyHo,[24],144.0,hea,LightGBM,144.0,134.0539867055367,9.946013294463313,9.946013294463313
108,ScGdTbDyHo,[24],143.0,hea,LightGBM,143.0,134.0539867055367,8.946013294463313,8.946013294463313
109,ScGdTbDyHo,[24],146.0,hea,LightGBM,146.0,134.0539867055367,11.946013294463313,11.946013294463313
110,ScGdTbDyHo,[24],139.0,hea,LightGBM,139.0,134.0539867055367,4.946013294463313,4.946013294463313
111,LaFe10.8Cr0.2Si2,[25],219.0,hea,LightGBM,219.0,447.4756523659037,-228.47565236590373,228.47565236590373
112,LaFe10Co0.5Ni0.5Si2,[25],285.0,hea,LightGBM,285.0,447.4756523659037,-162.47565236590373,162.47565236590373
113,LaFe10.25Co0.25Ni0.25Cr0.25Si2,[25],247.0,hea,LightGBM,247.0,447.4756523659037,-200.47565236590373,200.47565236590373
114,Mn27Cr7Ni33Ge25Si8,[26],412.0,hea,LightGBM,412.0,299.2688990810996,112.73110091890038,112.73110091890038
118,Fe25Co25Ni25Mo5P10B10,[27],560.0,hea,LightGBM,560.0,314.22443568522147,245.77556431477853,245.77556431477853
121,GdTbHoErY,[28],163.0,hea,LightGBM,163.0,166.22760463626346,-3.2276046362634645,3.2276046362634645
125,Fe26.7Ni26.7Ga15.6Mn20Si11,[29],322.0,hea,LightGBM,322.0,398.88281994788787,-76.88281994788787,76.88281994788787
126,Fe26.7Ni26.7Ga15.6Mn20Si11,[29],334.0,hea,LightGBM,334.0,398.88281994788787,-64.88281994788787,64.88281994788787
127,Al0.44Cr0.25MnFeCo0.05Ni0.2,[30],340.0,hea,LightGBM,340.0,397.7525136761371,-57.752513676137085,57.752513676137085
128,Mn22.3Fe22.2Ni22.2Ge16.65Si16.65,[31],137.0,hea,LightGBM,137.0,247.67017960041565,-110.67017960041565,110.67017960041565
133,Mn0.94Cr0.3Fe0.5Co0.2Ni0.5Al0.3,[32],321.0,hea,LightGBM,321.0,305.666907026197,15.33309297380299,15.33309297380299
152,Fe30.7Ni25.7Ga14.6Mn19Si10,[34],442.0,hea,LightGBM,442.0,323.0189720647816,118.98102793521838,118.98102793521838
153,Fe30.7Ni25.7Ga14.6Mn19Si10,[34],462.0,hea,LightGBM,462.0,323.0189720647816,138.98102793521838,138.98102793521838
163,Mn20Al20Co14Fe20Cr26,[36],268.0,hea,LightGBM,268.0,267.2157342399033,0.7842657600966731,0.7842657600966731
164,Mn20Al20Co14Fe20Cr26,[36],268.0,hea,LightGBM,268.0,267.2157342399033,0.7842657600966731,0.7842657600966731
165,Mn20Al20Co14Fe21Cr25,[36],280.0,hea,LightGBM,280.0,267.2157342399033,12.784265760096673,12.784265760096673
166,Mn20Al20Co14Fe21Cr25,[36],280.0,hea,LightGBM,280.0,267.2157342399033,12.784265760096673,12.784265760096673
167,Mn20Al20Co14Fe22Cr24,[36],300.0,hea,LightGBM,300.0,267.2157342399033,32.78426576009667,32.78426576009667
168,Mn20Al20Co14Fe22Cr24,[36],300.0,hea,LightGBM,300.0,267.2157342399033,32.78426576009667,32.78426576009667
169,Mn20Al20Co14Fe23Cr23,[36],310.0,hea,LightGBM,310.0,267.2157342399033,42.78426576009667,42.78426576009667
170,Mn20Al20Co14Fe23Cr23,[36],310.0,hea,LightGBM,310.0,267.2157342399033,42.78426576009667,42.78426576009667
171,Mn20Cr14Ni33Ge25Si8,[37],361.0,hea,LightGBM,361.0,237.48970405435819,123.51029594564181,123.51029594564181
172,Mn20Cr14Ni33Ge25Si8,[37],361.0,hea,LightGBM,361.0,237.48970405435819,123.51029594564181,123.51029594564181
175,Mn24Cr10Ni33Ge25Si8,[37],387.0,hea,LightGBM,387.0,237.48970405435819,149.51029594564181,149.51029594564181
176,Mn24Cr10Ni33Ge25Si8,[37],387.0,hea,LightGBM,387.0,237.48970405435819,149.51029594564181,149.51029594564181
179,Al20Mn20Fe20Co14.5Cr25.5,[38],282.8,hea,LightGBM,282.8,276.543161026403,6.2568389735969845,6.2568389735969845
181,Al20Mn20Fe20Co15.5Cr24.5,[38],313.7,hea,LightGBM,313.7,250.46431349352764,63.23568650647235,63.23568650647235
183,Al20Mn20Fe20Co16.5Cr23.5,[38],345.8,hea,LightGBM,345.8,248.8479611275898,96.95203887241021,96.95203887241021
185,Dy27Er27Ni26Al20,[39],15.0,hea,LightGBM,15.0,142.2482089787064,-127.2482089787064,127.2482089787064
186,Dy18Er18Y18Ni26Al20,[39],10.0,hea,LightGBM,10.0,79.37994375870197,-69.37994375870197,69.37994375870197
187,Dy13.5Er13.5Y13.5Gd13.5Ni26Al20,[39],22.0,hea,LightGBM,22.0,70.00753993302486,-48.00753993302486,48.00753993302486
