feature_set,fold,regressor__colsample_bytree,regressor__learning_rate,regressor__max_depth,regressor__min_child_samples,regressor__n_estimators,regressor__num_leaves,regressor__subsample
process_phase_only,1,0.6,0.01,5,3,200,20,0.8
process_phase_only,2,0.6,0.01,5,3,200,20,0.8
process_phase_only,3,1.0,0.01,-1,3,100,31,0.6
process_phase_only,4,0.6,0.01,5,3,200,20,0.8
process_phase_only,5,0.6,0.01,3,10,600,40,0.6
process_phase_only,6,0.6,0.01,5,20,400,31,1.0
process_phase_only,7,0.8,0.01,8,10,200,15,0.8
process_phase_only,8,1.0,0.01,-1,3,100,31,0.6
process_phase_only,9,1.0,0.1,3,10,600,31,0.8
process_phase_only,10,0.8,0.01,8,10,200,15,0.8
