feature_set,fold,n_train,n_test,n_train_references,n_test_references,inner_best_r2,r2,rmse,mae
composition_plus_process_phase,1,89,13,31,3,0.62681891637327,0.3158641050493318,72.99432713654885,46.519651080460804
composition_plus_process_phase,2,92,10,30,4,0.49343484613851274,0.5366630824207166,92.99912296183824,58.182760086116915
composition_plus_process_phase,3,92,10,32,2,0.564853530921466,0.6980088482324368,39.26330922699428,29.130784411700585
composition_plus_process_phase,4,92,10,31,3,0.6135714720064259,0.7196829123170417,43.50777216598198,37.14390288520282
composition_plus_process_phase,5,92,10,30,4,0.5689131634385983,0.8517954267435365,47.609561899885236,32.97892829603914
composition_plus_process_phase,6,90,12,30,4,0.5800921289285093,0.6812376951500027,77.7129152149979,62.125117795555376
composition_plus_process_phase,7,93,9,30,4,0.5371443698352214,0.6068497350347459,87.24525833511233,74.49259317521438
composition_plus_process_phase,8,93,9,31,3,0.6551746778088953,0.25114154919092113,250.33685912539895,155.93271794893883
composition_plus_process_phase,9,93,9,31,3,0.753795130656502,-1.0342037004175895,166.23123646138228,131.58027511018352
composition_plus_process_phase,10,92,10,30,4,0.520954204864874,0.7657130153652605,53.22085476171262,48.34117768318105
